"Symbol  ","Series  ","Date  ","Prev Close  ","Open Price  ","High Price  ","Low Price  ","Last Price  ","Close Price  ","Average Price ","Total Traded Quantity  ","Turnover ₹  ","No. of Trades  ","Deliverable Qty  ","% Dly Qt to Traded Qty  "
"SUZLON","BE","20-Dec-2023","37.50","37.90","38.15","35.65","35.65","35.65","36.64","6,01,10,787","2,20,22,32,717.65","1,93,445","-","-"
"SUZLON","BE","21-Dec-2023","35.65","34.30","37.25","33.90","37.25","37.10","35.81","6,82,14,659","2,44,26,83,862.10","1,88,362","-","-"
"SUZLON","BE","22-Dec-2023","37.10","37.50","38.00","36.50","37.05","37.25","37.27","2,73,63,287","1,01,98,36,279.95","80,886","-","-"
"SUZLON","BE","26-Dec-2023","37.25","37.25","37.65","36.55","36.90","36.90","36.86","2,44,83,621","90,25,78,695.00","97,920","-","-"
"SUZLON","BE","27-Dec-2023","36.90","37.30","37.30","36.20","37.05","37.05","36.86","2,97,36,305","1,09,60,40,601.45","93,578","-","-"
"SUZLON","BE","28-Dec-2023","37.05","37.20","38.50","37.10","38.15","38.15","38.03","4,94,28,774","1,87,98,55,834.10","1,16,521","-","-"
"SUZLON","BE","29-Dec-2023","38.15","38.55","38.70","38.00","38.20","38.20","38.25","2,81,53,967","1,07,69,18,905.60","80,444","-","-"
"SUZLON","BE","01-Jan-2024","38.20","38.50","38.60","38.00","38.35","38.50","38.43","3,50,78,873","1,34,82,12,506.95","94,869","-","-"
"SUZLON","BE","02-Jan-2024","38.50","38.70","38.80","37.10","38.10","38.25","37.95","3,08,64,924","1,17,13,66,802.05","1,01,903","-","-"
"SUZLON","BE","03-Jan-2024","38.25","38.25","38.25","37.70","37.90","37.80","37.90","2,17,88,140","82,58,01,619.90","72,619","-","-"
"SUZLON","BE","04-Jan-2024","37.80","37.80","39.30","37.75","38.70","38.70","38.43","3,82,32,279","1,46,93,01,292.10","80,323","-","-"
"SUZLON","BE","05-Jan-2024","38.70","38.90","40.60","38.70","40.60","40.60","39.72","7,57,99,676","3,01,09,29,201.70","1,19,346","-","-"
"SUZLON","BE","08-Jan-2024","40.60","41.50","42.60","40.00","42.60","42.60","41.66","9,26,02,484","3,85,73,65,671.25","1,52,794","-","-"
"SUZLON","BE","09-Jan-2024","42.60","43.25","44.00","41.50","43.35","43.55","43.15","10,35,82,158","4,46,91,35,516.20","1,82,097","-","-"
"SUZLON","BE","10-Jan-2024","43.55","44.10","44.20","42.30","43.50","43.55","43.47","5,44,17,493","2,36,57,76,927.00","1,41,366","-","-"
"SUZLON","BE","11-Jan-2024","43.55","43.90","44.00","42.70","43.55","43.60","43.27","4,80,37,394","2,07,87,89,804.40","1,26,732","-","-"
"SUZLON","BE","12-Jan-2024","43.60","43.80","45.40","43.15","44.70","44.90","44.56","8,82,10,161","3,93,04,86,689.60","1,59,348","-","-"
"SUZLON","EQ","15-Jan-2024","44.90","45.20","45.70","43.70","43.90","43.85","44.35","7,34,14,515","3,25,60,27,486.80","1,58,047","5,10,05,429","69.48"
"SUZLON","EQ","16-Jan-2024","43.85","44.00","44.20","41.65","42.20","42.05","42.55","7,36,62,300","3,13,40,25,129.50","1,70,758","4,74,10,713","64.36"
"SUZLON","EQ","17-Jan-2024","42.05","41.50","42.65","40.35","41.00","40.90","41.31","6,23,50,656","2,57,57,98,900.85","1,46,117","3,78,19,024","60.66"
"SUZLON","EQ","18-Jan-2024","40.90","40.90","42.90","40.10","42.90","42.90","42.08","7,73,61,249","3,25,56,50,126.10","1,16,074","4,21,52,722","54.49"
"SUZLON","EQ","19-Jan-2024","42.90","43.50","44.45","41.45","41.70","41.85","42.91","11,86,53,572","5,09,13,66,741.85","1,86,448","6,66,86,543","56.20"
"SUZLON","EQ","20-Jan-2024","41.85","42.00","42.45","41.25","42.00","41.80","41.90","3,99,48,658","1,67,38,57,681.15","1,06,109","2,47,47,347","61.95"
"SUZLON","EQ","23-Jan-2024","41.80","42.50","43.00","40.20","41.30","41.15","41.31","6,18,21,069","2,55,39,04,612.25","1,67,425","4,21,79,157","68.23"
"SUZLON","EQ","24-Jan-2024","41.15","41.60","41.60","40.35","41.20","41.20","41.09","3,35,24,849","1,37,75,10,391.25","97,752","2,06,40,070","61.57"
"SUZLON","EQ","25-Jan-2024","41.20","41.65","43.00","40.90","42.45","42.55","41.89","5,38,39,790","2,25,56,03,279.70","1,22,012","2,99,70,234","55.67"
"SUZLON","EQ","29-Jan-2024","42.55","43.00","43.85","42.55","43.05","43.25","43.10","6,49,87,571","2,80,07,03,180.00","1,64,257","3,92,99,777","60.47"
"SUZLON","EQ","30-Jan-2024","43.25","43.50","44.85","42.75","44.00","43.80","44.08","8,82,70,852","3,89,11,47,685.15","1,53,942","4,16,72,286","47.21"
"SUZLON","EQ","31-Jan-2024","43.80","44.40","45.95","44.20","45.95","45.95","45.35","14,53,74,835","6,59,33,26,883.45","2,02,852","7,55,68,684","51.98"
"SUZLON","EQ","01-Feb-2024","45.95","47.30","48.20","47.00","48.20","48.20","48.02","19,55,41,083","9,38,90,28,209.45","2,28,620","8,07,38,334","41.29"
"SUZLON","EQ","02-Feb-2024","48.20","49.90","50.60","48.00","48.90","48.60","49.77","21,95,13,812","10,92,58,58,093.95","4,51,216","10,69,02,187","48.70"
"SUZLON","EQ","05-Feb-2024","48.60","49.60","50.00","47.50","48.30","48.25","49.01","11,22,97,989","5,50,40,96,946.90","3,70,377","7,16,30,927","63.79"
"SUZLON","EQ","06-Feb-2024","48.25","48.80","48.80","47.20","48.20","48.00","47.92","5,31,68,885","2,54,77,11,427.75","1,71,375","3,46,29,383","65.13"
"SUZLON","EQ","07-Feb-2024","48.00","48.20","49.95","48.20","49.35","49.25","49.23","6,48,66,228","3,19,30,42,184.65","1,66,265","3,90,43,435","60.19"
"SUZLON","EQ","08-Feb-2024","49.25","49.50","49.75","48.50","49.30","49.35","49.12","5,38,50,076","2,64,51,14,247.30","1,47,234","3,30,94,145","61.46"
"SUZLON","EQ","09-Feb-2024","49.35","49.35","49.40","46.90","47.70","47.35","47.47","9,07,32,188","4,30,67,76,886.55","2,21,402","5,10,72,794","56.29"
"SUZLON","EQ","12-Feb-2024","47.35","47.95","48.20","45.00","45.00","45.00","45.55","6,53,98,403","2,97,89,37,321.35","1,73,192","3,82,86,197","58.54"
"SUZLON","EQ","13-Feb-2024","45.00","43.65","44.65","42.75","43.85","43.90","43.05","13,54,10,453","5,82,95,90,162.80","1,93,024","4,97,93,502","36.77"
"SUZLON","EQ","14-Feb-2024","43.90","42.45","46.05","42.05","46.05","46.05","44.68","5,98,61,806","2,67,44,91,206.15","1,35,080","3,37,29,636","56.35"
"SUZLON","EQ","15-Feb-2024","46.05","46.95","47.75","46.50","46.95","47.05","47.15","4,47,81,950","2,11,13,93,023.95","1,22,186","2,93,47,688","65.53"
"SUZLON","BE","16-Feb-2024","47.05","47.70","47.70","46.00","46.60","46.85","46.77","2,38,58,185","1,11,58,17,171.95","85,235","-","-"
"SUZLON","BE","19-Feb-2024","46.85","47.50","47.60","46.05","46.25","46.15","46.52","1,94,76,010","90,60,85,036.35","1,09,389","-","-"
"SUZLON","BE","20-Feb-2024","46.15","46.65","46.85","45.60","45.90","45.80","46.18","2,01,08,565","92,86,14,076.15","80,023","-","-"
"SUZLON","BE","21-Feb-2024","45.80","45.95","46.00","43.75","44.75","44.75","45.04","3,04,40,623","1,37,09,92,444.85","1,10,192","-","-"
"SUZLON","BE","22-Feb-2024","44.75","44.85","45.30","43.80","44.70","44.80","44.71","2,32,76,564","1,04,07,13,006.50","88,174","-","-"
"SUZLON","BE","23-Feb-2024","44.80","45.15","45.60","44.80","44.90","44.90","45.26","2,52,86,705","1,14,43,79,920.20","91,694","-","-"
"SUZLON","BE","26-Feb-2024","44.90","45.75","45.75","43.35","44.10","43.75","44.25","3,00,50,547","1,32,97,27,522.40","1,11,644","-","-"
"SUZLON","BE","27-Feb-2024","43.75","44.20","45.00","43.50","44.55","44.55","44.42","2,26,24,252","1,00,49,82,481.25","78,197","-","-"
"SUZLON","BE","28-Feb-2024","44.55","44.60","44.65","42.35","43.00","43.20","42.95","3,68,87,600","1,58,43,85,769.10","1,37,715","-","-"
"SUZLON","BE","29-Feb-2024","43.20","43.00","45.35","41.05","45.35","45.25","44.44","11,72,00,579","5,20,80,32,683.20","1,40,146","-","-"
"SUZLON","BE","01-Mar-2024","45.25","45.60","46.00","44.10","44.35","44.30","44.68","2,20,93,410","98,70,44,448.90","95,809","-","-"
"SUZLON","BE","02-Mar-2024","44.30","44.50","44.50","43.50","44.00","43.95","44.03","50,69,403","22,32,21,038.50","26,146","-","-"
"SUZLON","BE","04-Mar-2024","43.95","42.80","43.80","41.75","42.90","42.80","42.33","5,50,74,786","2,33,15,75,495.50","1,83,462","-","-"
"SUZLON","BE","05-Mar-2024","42.80","41.65","41.65","40.70","40.70","40.70","40.87","5,32,78,004","2,17,76,47,892.85","1,72,129","-","-"
"SUZLON","BE","06-Mar-2024","40.70","39.00","39.00","38.70","38.70","38.70","38.72","2,90,49,668","1,12,49,36,877.10","1,21,952","-","-"
"SUZLON","BE","07-Mar-2024","38.70","37.20","40.60","37.20","40.60","40.60","39.49","5,82,88,425","2,30,18,08,670.50","1,52,688","-","-"
"SUZLON","BE","11-Mar-2024","40.60","41.50","42.00","39.00","39.50","39.35","40.47","3,95,27,748","1,59,96,90,805.65","1,88,087","-","-"
"SUZLON","BE","12-Mar-2024","39.35","39.35","40.00","37.40","39.00","39.30","38.08","4,74,04,379","1,80,52,09,959.75","1,91,827","-","-"
"SUZLON","BE","13-Mar-2024","39.30","38.50","39.30","37.35","37.35","37.35","37.53","3,81,60,910","1,43,22,89,591.85","1,32,555","-","-"
"SUZLON","BE","14-Mar-2024","37.35","35.50","39.20","35.50","39.10","39.05","37.05","6,70,13,191","2,48,25,74,907.35","1,71,201","-","-"
"SUZLON","BE","15-Mar-2024","39.05","39.00","40.00","37.50","38.50","39.40","39.18","14,49,57,453","5,67,96,73,817.30","1,23,874","-","-"
"SUZLON","BE","18-Mar-2024","39.40","38.85","38.90","37.70","38.35","38.55","38.31","2,26,47,157","86,76,36,321.60","93,618","-","-"
"SUZLON","BE","19-Mar-2024","38.55","38.40","38.40","36.80","37.05","37.15","37.45","2,05,48,501","76,94,83,899.15","1,06,683","-","-"
"SUZLON","BE","20-Mar-2024","37.15","37.15","37.70","35.60","36.40","36.30","36.46","2,68,93,468","98,06,28,253.55","90,889","-","-"
"SUZLON","BE","21-Mar-2024","36.30","37.00","38.10","36.50","37.20","37.30","37.32","5,49,16,534","2,04,93,62,524.30","78,451","-","-"
"SUZLON","BE","22-Mar-2024","37.30","37.00","37.95","36.35","37.50","37.35","37.47","1,78,91,396","67,03,89,994.35","66,848","-","-"
"SUZLON","BE","26-Mar-2024","37.35","37.50","37.65","36.80","37.00","37.10","37.07","2,50,64,700","92,91,11,035.95","87,638","-","-"
"SUZLON","BE","27-Mar-2024","37.10","37.40","38.95","37.10","38.65","38.50","38.39","9,23,36,818","3,54,46,39,637.65","1,21,775","-","-"
"SUZLON","BE","28-Mar-2024","38.50","39.00","40.40","38.60","40.40","40.40","39.98","4,46,88,873","1,78,65,46,865.10","93,275","-","-"
"SUZLON","BE","01-Apr-2024","40.40","39.95","41.75","38.40","41.25","41.35","40.68","3,25,53,386","1,32,43,97,485.70","95,403","-","-"
"SUZLON","BE","02-Apr-2024","41.35","41.80","43.00","40.40","42.45","42.50","41.80","3,11,26,883","1,30,12,26,053.30","98,948","-","-"
"SUZLON","BE","03-Apr-2024","42.50","42.50","43.55","41.60","43.50","43.50","43.07","2,80,78,702","1,20,94,47,345.70","89,171","-","-"
"SUZLON","BE","04-Apr-2024","43.50","44.50","44.60","42.70","42.75","42.95","43.69","3,07,12,841","1,34,17,78,217.00","1,02,273","-","-"
"SUZLON","BE","05-Apr-2024","42.95","43.00","43.00","42.00","42.70","42.65","42.51","1,58,30,518","67,29,69,584.85","64,975","-","-"
"SUZLON","BE","08-Apr-2024","42.65","43.15","43.15","41.40","41.70","41.50","41.98","2,00,72,402","84,26,58,948.85","77,363","-","-"
"SUZLON","BE","09-Apr-2024","41.50","41.50","42.50","40.80","41.10","40.90","41.30","2,05,48,936","84,86,84,344.50","75,571","-","-"
"SUZLON","BE","10-Apr-2024","40.90","41.15","42.65","41.10","42.15","42.15","42.11","2,86,93,252","1,20,83,03,457.80","72,304","-","-"
"SUZLON","BE","12-Apr-2024","42.15","42.15","42.75","41.80","42.10","42.15","42.34","3,72,05,677","1,57,51,25,895.80","80,708","-","-"
"SUZLON","BE","15-Apr-2024","42.15","40.05","41.20","40.05","40.70","40.75","40.48","3,76,43,079","1,52,38,70,235.20","1,01,506","-","-"
"SUZLON","BE","16-Apr-2024","40.75","39.85","41.25","39.55","40.65","40.50","40.63","2,09,94,202","85,30,47,547.75","71,075","-","-"
"SUZLON","BE","18-Apr-2024","40.50","41.00","41.70","40.70","41.40","41.15","41.29","2,39,17,024","98,74,67,404.00","63,080","-","-"
"SUZLON","BE","19-Apr-2024","41.15","40.45","40.70","39.10","39.10","39.35","39.61","5,40,49,625","2,14,10,17,504.90","1,00,827","-","-"
"SUZLON","EQ","22-Apr-2024","39.35","38.85","41.30","38.60","41.00","40.85","40.56","6,21,14,928","2,51,93,49,820.80","97,982","3,93,35,739","63.33"
"SUZLON","EQ","23-Apr-2024","40.85","41.00","42.10","40.55","41.60","41.85","41.49","6,92,15,858","2,87,20,62,208.25","90,387","4,69,33,591","67.81"
"SUZLON","EQ","24-Apr-2024","41.85","41.90","42.50","41.45","41.85","41.80","41.95","3,42,52,835","1,43,68,30,732.65","93,720","2,52,28,624","73.65"
"SUZLON","BE","25-Apr-2024","41.80","42.20","42.30","41.25","41.90","42.15","41.93","2,28,66,483","95,88,46,620.15","50,726","-","-"
"SUZLON","BE","26-Apr-2024","42.15","42.05","42.15","41.25","41.65","41.65","41.64","1,82,01,395","75,78,54,448.90","59,583","-","-"
"SUZLON","BE","29-Apr-2024","41.65","41.85","42.00","41.40","41.65","41.60","41.70","1,78,15,539","74,29,41,146.75","66,645","-","-"
"SUZLON","BE","30-Apr-2024","41.60","41.95","42.10","41.00","41.25","41.60","41.76","3,04,99,261","1,27,35,51,201.30","72,116","-","-"
"SUZLON","BE","02-May-2024","41.60","41.60","42.05","41.05","41.60","41.70","41.74","3,15,30,269","1,31,62,12,699.25","69,610","-","-"
"SUZLON","BE","03-May-2024","41.70","42.00","42.30","41.05","41.35","41.35","41.58","2,37,25,164","98,65,49,905.45","56,054","-","-"
"SUZLON","BE","06-May-2024","41.35","42.00","42.00","40.40","40.70","40.80","40.93","1,72,32,143","70,52,92,657.90","73,671","-","-"
"SUZLON","BE","07-May-2024","40.80","40.75","40.80","39.00","39.75","39.75","39.72","2,78,31,110","1,10,53,47,723.50","79,121","-","-"
"SUZLON","BE","08-May-2024","39.75","39.75","40.20","39.05","40.05","39.95","39.76","2,49,40,794","99,17,23,663.85","56,402","-","-"
"SUZLON","BE","09-May-2024","39.95","40.00","40.40","39.45","39.70","39.60","39.95","2,10,71,854","84,19,21,946.65","58,358","-","-"
"SUZLON","BE","10-May-2024","39.60","39.85","40.10","39.00","39.90","39.90","39.67","1,46,67,345","58,18,13,449.60","58,160","-","-"
"SUZLON","BE","13-May-2024","39.90","39.90","39.90","37.90","39.15","39.00","38.61","2,30,30,136","88,92,49,230.55","94,211","-","-"
"SUZLON","BE","14-May-2024","39.00","39.05","40.75","39.05","40.15","40.20","39.90","1,56,80,138","62,57,05,101.05","53,722","-","-"
"SUZLON","BE","15-May-2024","40.20","40.40","42.20","40.05","42.20","42.20","41.50","4,27,47,507","1,77,39,39,119.20","79,098","-","-"
"SUZLON","BE","16-May-2024","42.20","42.50","43.00","41.75","42.75","42.80","42.51","3,63,44,580","1,54,49,24,874.40","1,14,811","-","-"
"SUZLON","BE","17-May-2024","42.80","42.80","42.95","42.10","42.65","42.60","42.52","2,41,16,415","1,02,53,36,239.35","68,873","-","-"
"SUZLON","BE","18-May-2024","42.60","42.60","43.05","42.30","42.45","42.50","42.80","68,23,410","29,20,17,552.75","18,981","-","-"
"SUZLON","BE","21-May-2024","42.50","42.50","44.20","41.90","44.00","44.05","43.17","4,56,15,167","1,96,92,15,965.70","1,25,073","-","-"
"SUZLON","BE","22-May-2024","44.05","44.50","46.25","42.95","46.10","46.00","45.71","8,02,21,850","3,66,69,18,681.90","1,51,216","-","-"
"SUZLON","BE","23-May-2024","46.00","46.40","48.30","45.70","48.30","48.30","47.36","9,05,28,423","4,28,78,06,404.60","1,74,337","-","-"
"SUZLON","BE","24-May-2024","48.30","49.00","49.00","45.90","45.90","45.95","47.48","5,30,70,069","2,51,99,60,853.65","1,39,881","-","-"
"SUZLON","BE","27-May-2024","45.95","45.25","46.70","45.00","45.15","45.20","45.49","3,85,21,150","1,75,21,42,884.10","1,13,095","-","-"
"SUZLON","BE","28-May-2024","45.20","45.50","45.85","43.40","44.20","43.95","44.23","2,62,64,263","1,16,16,83,273.55","89,497","-","-"
"SUZLON","BE","29-May-2024","43.95","43.90","46.10","43.55","46.10","46.10","45.56","3,09,79,346","1,41,15,61,325.15","71,296","-","-"
"SUZLON","BE","30-May-2024","46.10","46.30","46.90","44.50","45.50","45.40","45.77","3,12,88,700","1,43,20,23,642.75","85,891","-","-"
"SUZLON","BE","31-May-2024","45.40","45.70","47.65","44.30","47.65","47.65","47.13","11,56,65,511","5,45,10,48,603.00","1,13,432","-","-"
"SUZLON","BE","03-Jun-2024","47.65","50.00","50.00","50.00","50.00","50.00","50.00","6,28,76,628","3,14,38,31,400.00","83,133","-","-"
"SUZLON","BE","04-Jun-2024","50.00","52.10","52.10","47.50","47.50","47.50","48.57","12,38,54,100","6,01,55,78,288.50","1,80,429","-","-"
"SUZLON","BE","05-Jun-2024","47.50","45.15","49.80","45.15","48.35","48.45","47.13","8,12,72,335","3,83,06,35,596.65","1,21,561","-","-"
"SUZLON","BE","06-Jun-2024","48.45","49.45","50.50","48.50","49.80","49.80","49.61","4,91,63,158","2,43,90,81,681.20","1,11,804","-","-"
"SUZLON","BE","07-Jun-2024","49.80","50.00","50.45","49.00","49.80","49.90","49.74","3,03,36,425","1,50,88,64,015.00","90,338","-","-"
"SUZLON","EQ","10-Jun-2024","49.90","47.40","48.63","47.40","47.40","47.40","47.74","9,02,20,734","4,30,68,97,324.26","1,58,455","5,32,66,166","59.04"
"SUZLON","EQ","11-Jun-2024","47.40","47.40","49.29","47.02","48.25","48.26","48.21","4,75,83,387","2,29,42,24,004.94","1,22,903","3,09,67,657","65.08"
"SUZLON","EQ","12-Jun-2024","48.26","48.51","50.50","48.40","50.41","50.28","49.88","8,74,22,931","4,36,06,33,193.58","1,69,493","6,12,39,092","70.05"
"SUZLON","EQ","13-Jun-2024","50.28","50.50","50.50","49.29","49.61","49.87","49.98","4,84,65,602","2,42,23,39,280.18","94,681","3,06,04,061","63.15"
"SUZLON","EQ","14-Jun-2024","49.87","50.00","51.19","49.10","49.44","49.48","50.23","8,50,29,862","4,27,13,24,085.80","1,28,952","4,17,58,431","49.11"
"SUZLON","EQ","18-Jun-2024","49.48","49.60","50.29","48.85","49.91","49.96","49.89","4,98,74,657","2,48,80,99,526.38","1,15,219","3,86,10,400","77.41"
"SUZLON","EQ","19-Jun-2024","49.96","50.19","50.28","48.75","48.93","48.90","49.15","2,61,39,387","1,28,47,11,773.16","91,058","1,91,23,147","73.16"
"SUZLON","EQ","20-Jun-2024","48.90","51.34","51.34","49.55","50.50","50.53","50.76","9,90,70,183","5,02,88,32,042.82","1,16,174","5,06,73,818","51.15"
"SUZLON","EQ","21-Jun-2024","50.53","51.20","53.05","51.00","53.05","53.05","52.50","14,36,78,671","7,54,36,76,224.47","2,01,219","9,83,68,394","68.46"
"SUZLON","EQ","24-Jun-2024","53.05","55.45","55.70","54.15","54.86","54.70","55.24","14,94,19,809","8,25,32,49,640.80","2,25,348","8,62,28,543","57.71"
"SUZLON","EQ","25-Jun-2024","54.70","55.15","55.50","53.32","53.54","53.60","54.63","6,37,23,030","3,48,14,78,826.62","1,44,077","3,92,81,069","61.64"
"SUZLON","EQ","26-Jun-2024","53.60","53.60","54.37","52.30","52.72","52.76","53.25","5,24,38,770","2,79,23,42,379.95","1,33,872","3,34,37,000","63.76"
"SUZLON","EQ","27-Jun-2024","52.76","53.05","54.00","51.50","53.40","53.28","53.04","5,25,02,181","2,78,48,00,497.46","1,14,862","3,39,83,551","64.73"
"SUZLON","EQ","28-Jun-2024","53.28","53.90","54.00","52.71","52.80","52.86","53.14","3,87,44,898","2,05,89,34,259.21","1,07,590","2,60,90,585","67.34"
"SUZLON","EQ","01-Jul-2024","52.86","53.20","53.28","52.59","52.90","52.93","52.87","2,54,23,991","1,34,40,66,087.06","85,273","1,66,21,430","65.38"
"SUZLON","EQ","02-Jul-2024","52.93","53.00","53.38","52.43","53.10","53.03","52.94","2,45,02,330","1,29,70,78,493.79","82,099","1,72,66,231","70.47"
"SUZLON","EQ","03-Jul-2024","53.03","53.10","53.95","53.00","53.56","53.53","53.40","2,99,07,631","1,59,70,18,609.25","86,250","1,88,31,403","62.97"
"SUZLON","EQ","04-Jul-2024","53.53","53.60","55.67","53.37","54.00","54.03","54.32","6,31,99,465","3,43,30,30,061.51","1,15,170","3,15,02,362","49.85"
"SUZLON","EQ","05-Jul-2024","54.03","54.37","56.49","53.80","55.68","55.49","55.66","9,69,09,661","5,39,35,12,983.56","1,57,076","6,02,24,205","62.14"
"SUZLON","EQ","08-Jul-2024","55.49","55.95","56.00","54.50","55.17","55.20","55.50","5,45,88,551","3,02,94,19,067.14","1,37,508","3,63,64,784","66.62"
"SUZLON","EQ","09-Jul-2024","55.20","55.30","55.84","53.86","55.38","55.37","54.85","3,38,58,415","1,85,70,44,526.95","1,02,904","1,99,70,840","58.98"
"SUZLON","EQ","10-Jul-2024","55.37","55.67","56.00","53.90","54.76","54.89","54.98","3,77,27,227","2,07,42,20,112.62","86,432","2,47,64,649","65.64"
"SUZLON","EQ","11-Jul-2024","54.89","55.00","55.00","54.20","54.90","54.72","54.66","2,60,61,094","1,42,45,98,035.25","90,815","1,65,97,124","63.69"
"SUZLON","EQ","12-Jul-2024","54.72","55.00","55.43","53.65","54.68","54.63","54.42","3,74,99,020","2,04,08,27,348.91","1,14,420","2,32,32,428","61.95"
"SUZLON","EQ","15-Jul-2024","54.63","55.00","55.00","54.02","54.50","54.62","54.43","2,71,41,448","1,47,74,07,738.02","87,348","1,56,63,067","57.71"
"SUZLON","EQ","16-Jul-2024","54.62","54.90","56.00","54.43","55.72","55.88","55.36","7,65,77,863","4,23,93,95,874.08","1,14,996","3,86,74,934","50.50"
"SUZLON","EQ","18-Jul-2024","55.88","55.50","55.72","53.82","55.33","55.39","55.18","6,81,96,637","3,76,28,89,026.37","1,20,328","4,31,38,693","63.26"
"SUZLON","EQ","19-Jul-2024","55.39","55.38","55.87","53.82","54.50","54.55","54.67","5,21,78,598","2,85,27,46,566.80","1,19,180","3,58,16,764","68.64"
"SUZLON","EQ","22-Jul-2024","54.55","54.66","55.44","53.50","55.24","55.08","54.41","4,78,05,246","2,60,10,25,304.21","1,14,482","2,67,48,019","55.95"
"SUZLON","EQ","23-Jul-2024","55.08","57.20","57.83","54.00","57.83","57.83","57.54","28,18,87,693","16,21,89,30,583.71","2,94,599","11,53,09,645","40.91"
"SUZLON","EQ","24-Jul-2024","57.83","59.70","60.72","59.63","60.72","60.72","60.56","9,07,57,700","5,49,59,32,089.21","83,560","5,06,27,721","55.78"
"SUZLON","EQ","25-Jul-2024","60.72","62.29","63.75","60.80","62.01","61.47","62.73","17,03,25,709","10,68,48,66,841.47","4,18,872","8,18,87,881","48.08"
"SUZLON","EQ","26-Jul-2024","61.47","62.68","63.00","61.00","62.10","61.89","62.19","6,78,58,407","4,22,00,83,672.75","2,19,514","3,39,48,337","50.03"
"SUZLON","EQ","29-Jul-2024","61.89","62.95","64.98","62.38","64.98","64.98","63.91","9,78,86,927","6,25,57,96,685.57","1,96,733","5,29,10,550","54.05"
"SUZLON","EQ","30-Jul-2024","64.98","65.81","68.22","65.63","68.22","68.22","67.78","11,44,89,676","7,76,05,49,782.89","1,68,121","4,77,12,332","41.67"
"SUZLON","EQ","31-Jul-2024","68.22","70.11","70.89","68.28","69.39","69.38","69.68","13,15,39,602","9,16,50,64,060.56","4,07,603","7,20,66,464","54.79"
"SUZLON","EQ","01-Aug-2024","69.38","69.93","70.99","66.22","68.35","67.98","68.63","13,48,24,650","9,25,24,22,941.19","4,18,582","6,99,82,021","51.91"
"SUZLON","EQ","02-Aug-2024","67.98","67.80","71.37","67.05","71.37","71.35","70.37","13,10,96,033","9,22,49,11,716.14","2,66,186","7,05,84,217","53.84"
"SUZLON","EQ","05-Aug-2024","71.35","69.90","71.64","67.78","67.79","67.85","69.03","20,99,04,382","14,48,99,38,156.47","5,45,115","8,88,69,401","42.34"
"SUZLON","EQ","06-Aug-2024","67.85","68.75","70.85","65.60","66.85","66.27","68.45","9,66,65,562","6,61,66,71,514.88","3,02,188","4,53,07,581","46.87"
"SUZLON","EQ","07-Aug-2024","66.27","69.00","69.58","68.11","69.58","69.58","69.13","6,55,76,822","4,53,30,99,116.44","1,44,175","3,94,09,786","60.10"
"SUZLON","EQ","08-Aug-2024","69.58","71.00","73.05","70.58","73.05","72.92","72.68","21,29,56,025","15,47,66,70,516.36","3,49,921","8,00,29,932","37.58"
"SUZLON","EQ","09-Aug-2024","72.92","74.60","76.56","73.00","76.56","76.54","75.33","14,26,11,445","10,74,25,56,932.79","3,50,879","5,91,31,966","41.46"
"SUZLON","EQ","12-Aug-2024","76.54","77.15","80.36","74.65","80.36","80.36","78.86","13,12,56,497","10,35,06,16,275.45","3,74,097","4,99,16,661","38.03"
"SUZLON","EQ","13-Aug-2024","80.36","81.97","84.29","78.35","80.89","80.79","82.02","19,37,25,637","15,88,90,33,593.20","7,01,298","9,11,62,699","47.06"
"SUZLON","EQ","14-Aug-2024","80.79","82.19","82.41","76.75","76.75","76.77","77.67","14,19,60,840","11,02,64,74,985.90","4,62,825","6,06,38,972","42.72"
"SUZLON","EQ","16-Aug-2024","76.77","77.95","80.50","74.12","79.73","79.95","77.82","15,56,13,726","12,10,97,19,620.07","5,00,983","5,63,54,648","36.21"
"SUZLON","EQ","19-Aug-2024","79.95","80.64","82.45","79.21","80.80","80.71","81.13","9,65,52,950","7,83,32,46,819.60","3,98,118","4,36,58,358","45.22"
"SUZLON","EQ","20-Aug-2024","80.71","81.31","81.58","78.50","79.24","79.43","79.55","5,44,49,596","4,33,15,16,831.52","2,48,672","2,77,27,570","50.92"
"SUZLON","EQ","21-Aug-2024","79.43","79.40","80.15","78.61","78.81","78.85","79.19","3,88,69,576","3,07,82,67,876.58","1,81,380","2,09,23,760","53.83"
"SUZLON","EQ","22-Aug-2024","78.85","79.23","79.59","77.30","77.70","77.57","78.04","4,15,19,353","3,24,02,45,838.99","2,13,888","2,33,77,433","56.30"
"SUZLON","EQ","23-Aug-2024","77.57","77.70","80.50","77.70","78.78","78.84","79.29","6,74,10,388","5,34,46,75,246.54","2,24,913","3,39,13,193","50.31"
"SUZLON","EQ","26-Aug-2024","78.84","79.34","79.79","75.66","76.90","76.40","77.33","5,79,18,809","4,47,91,08,484.79","2,49,396","3,59,65,007","62.10"
"SUZLON","EQ","27-Aug-2024","76.40","77.24","78.30","76.60","77.52","77.50","77.62","3,26,22,346","2,53,22,94,354.18","1,66,251","1,76,13,312","53.99"
"SUZLON","EQ","28-Aug-2024","77.50","77.95","79.73","77.66","78.67","78.96","78.62","4,77,24,768","3,75,21,95,859.87","1,60,835","2,61,43,717","54.78"
"SUZLON","EQ","29-Aug-2024","78.96","78.67","78.69","76.20","77.15","77.00","77.14","4,19,38,870","3,23,51,59,855.91","1,83,540","2,44,58,371","58.32"
"SUZLON","EQ","30-Aug-2024","77.00","77.30","77.58","75.12","75.70","75.84","76.10","6,39,34,257","4,86,53,63,822.71","1,90,152","4,28,62,263","67.04"
"SUZLON","EQ","02-Sep-2024","75.84","75.84","76.10","72.50","73.70","73.81","73.59","7,19,66,033","5,29,61,92,677.14","2,94,970","4,39,47,954","61.07"
"SUZLON","EQ","03-Sep-2024","73.81","73.81","76.37","73.54","74.65","74.47","75.40","4,93,47,993","3,72,10,00,569.51","2,07,231","2,63,37,469","53.37"
"SUZLON","EQ","04-Sep-2024","74.47","74.40","74.90","73.30","74.26","74.16","74.06","2,83,21,394","2,09,73,57,418.97","1,51,461","1,51,55,261","53.51"
"SUZLON","EQ","05-Sep-2024","74.16","75.70","77.09","74.66","76.25","76.00","75.84","5,64,83,144","4,28,37,54,863.41","2,10,466","3,09,47,785","54.79"
"SUZLON","EQ","06-Sep-2024","76.00","76.75","77.35","74.51","74.95","74.72","75.30","4,36,35,971","3,28,59,40,537.87","1,68,512","2,38,20,539","54.59"
"SUZLON","EQ","09-Sep-2024","74.72","75.28","77.28","72.82","74.37","74.34","75.06","8,72,47,821","6,54,90,73,335.15","2,47,730","3,30,82,455","37.92"
"SUZLON","EQ","10-Sep-2024","74.34","75.83","78.05","75.34","78.05","78.05","77.78","14,47,59,489","11,25,91,81,540.33","1,95,707","6,89,47,923","47.63"
"SUZLON","EQ","11-Sep-2024","78.05","79.34","81.95","79.10","81.95","81.95","81.59","12,14,04,214","9,90,54,51,905.17","1,53,181","6,54,59,125","53.92"
"SUZLON","EQ","12-Sep-2024","81.95","86.00","86.04","80.41","81.64","81.70","83.54","18,60,25,037","15,53,96,81,530.07","3,83,720","7,56,83,616","40.68"
"SUZLON","EQ","13-Sep-2024","81.70","82.14","84.50","80.80","83.00","83.11","83.07","8,27,50,388","6,87,39,61,670.53","2,67,535","3,74,57,065","45.27"
"SUZLON","EQ","16-Sep-2024","83.11","83.88","85.85","83.66","84.64","84.70","84.98","6,79,45,786","5,77,37,69,437.33","3,02,214","3,38,16,337","49.77"
"SUZLON","EQ","17-Sep-2024","84.70","85.18","85.40","80.57","81.90","82.00","82.30","6,10,29,140","5,02,27,04,229.46","2,38,154","3,36,60,561","55.15"
"SUZLON","EQ","18-Sep-2024","82.00","82.20","82.98","80.52","80.70","80.82","81.58","3,76,68,180","3,07,29,64,476.20","1,85,641","1,99,32,194","52.92"
"SUZLON","EQ","19-Sep-2024","80.82","81.89","83.00","78.00","81.16","80.97","79.98","6,04,46,356","4,83,44,50,769.09","2,26,713","3,11,08,129","51.46"
"SUZLON","EQ","20-Sep-2024","80.97","82.24","84.00","81.31","83.58","83.45","82.76","7,43,13,107","6,15,01,41,951.98","2,26,147","4,78,93,675","64.45"
"SUZLON","EQ","23-Sep-2024","83.45","84.19","84.99","82.70","82.75","82.89","83.24","3,53,07,207","2,93,89,89,322.75","1,59,641","2,05,63,001","58.24"
"SUZLON","EQ","24-Sep-2024","82.89","83.00","84.20","82.32","83.65","83.79","83.25","3,44,14,038","2,86,49,04,927.57","1,29,912","1,87,66,208","54.53"
"SUZLON","EQ","25-Sep-2024","83.79","83.70","83.70","82.50","82.89","82.96","82.94","2,70,40,040","2,24,26,38,654.32","1,10,965","1,57,22,718","58.15"
"SUZLON","EQ","26-Sep-2024","82.96","82.95","83.36","81.50","81.68","81.84","82.03","2,49,29,699","2,04,50,07,180.66","1,24,885","1,61,28,903","64.70"
"SUZLON","EQ","27-Sep-2024","81.84","81.75","82.77","80.50","81.20","81.09","81.32","4,25,23,359","3,45,80,16,896.48","1,70,146","2,41,39,327","56.77"
"SUZLON","EQ","30-Sep-2024","81.09","80.80","81.58","79.37","80.24","80.05","80.17","4,23,76,466","3,39,72,90,737.67","1,62,650","2,61,30,147","61.66"
"SUZLON","EQ","01-Oct-2024","80.05","80.30","81.53","79.50","79.85","79.74","80.32","2,74,94,973","2,20,82,61,348.67","1,13,280","1,48,46,826","54.00"
"SUZLON","EQ","03-Oct-2024","79.74","76.74","78.60","75.75","75.75","75.75","76.57","7,97,66,127","6,10,73,86,128.55","3,40,696","4,51,93,358","56.66"
"SUZLON","EQ","04-Oct-2024","75.75","74.85","76.65","72.22","74.74","74.67","74.56","7,79,74,009","5,81,36,57,566.98","2,90,750","3,66,17,846","46.96"
"SUZLON","EQ","07-Oct-2024","74.67","75.64","76.49","70.93","70.93","70.93","71.82","7,68,07,728","5,51,61,45,052.76","2,54,221","3,95,44,356","51.48"
"SUZLON","EQ","08-Oct-2024","70.93","68.10","74.20","66.10","73.88","73.64","71.30","13,58,96,990","9,68,96,57,929.11","3,62,017","6,18,57,622","45.52"
"SUZLON","EQ","09-Oct-2024","73.64","74.59","80.60","74.55","77.10","76.69","78.05","13,61,34,618","10,62,50,28,549.00","3,46,457","4,44,13,326","32.62"
"SUZLON","EQ","10-Oct-2024","76.69","77.50","77.89","74.67","75.59","75.44","75.78","7,10,16,473","5,38,15,31,643.91","2,21,525","3,44,39,845","48.50"
"SUZLON","EQ","11-Oct-2024","75.44","75.75","76.07","74.25","74.45","74.39","74.95","3,27,99,505","2,45,84,03,560.42","1,53,998","1,68,68,759","51.43"
"SUZLON","EQ","14-Oct-2024","74.39","74.65","75.00","73.75","74.18","74.01","74.21","2,49,79,009","1,85,37,17,158.47","1,28,548","1,40,99,413","56.45"
"SUZLON","EQ","15-Oct-2024","74.01","74.10","74.24","72.15","73.75","73.71","73.12","4,24,18,804","3,10,15,07,677.24","1,97,642","2,47,01,835","58.23"
"SUZLON","EQ","16-Oct-2024","73.71","73.71","75.65","73.52","74.94","75.05","74.78","4,71,56,496","3,52,63,04,269.17","1,43,098","2,00,11,138","42.44"
"SUZLON","EQ","17-Oct-2024","75.05","75.39","75.45","72.40","73.05","73.01","73.71","3,21,94,681","2,37,29,25,826.19","1,39,635","1,71,36,891","53.23"
"SUZLON","EQ","18-Oct-2024","73.01","72.90","73.35","71.10","72.32","72.19","72.46","3,60,18,706","2,60,99,63,909.51","1,24,626","1,77,16,974","49.19"
"SUZLON","EQ","21-Oct-2024","72.19","72.49","72.77","70.30","70.60","70.63","71.29","2,70,26,007","1,92,66,92,401.43","1,57,417","1,52,33,520","56.37"
"SUZLON","EQ","22-Oct-2024","70.63","70.59","71.30","67.50","68.50","68.56","68.85","6,77,32,028","4,66,35,44,168.97","2,81,410","3,54,35,846","52.32"
"SUZLON","EQ","23-Oct-2024","68.56","67.30","69.94","66.10","68.85","68.85","68.51","5,52,15,451","3,78,28,35,482.63","2,02,682","2,15,00,065","38.94"
"SUZLON","EQ","24-Oct-2024","68.85","69.08","71.14","68.40","69.08","69.15","69.69","3,50,58,205","2,44,31,59,524.33","1,24,737","1,41,44,764","40.35"
"SUZLON","EQ","25-Oct-2024","69.15","69.88","70.30","66.00","67.59","67.47","67.18","4,94,52,859","3,32,21,27,380.58","2,23,983","2,35,81,587","47.68"
"SUZLON","EQ","28-Oct-2024","67.47","68.00","72.60","66.14","70.99","70.84","70.04","8,18,20,533","5,73,06,35,175.82","2,64,059","2,79,46,254","34.16"
"SUZLON","EQ","29-Oct-2024","70.84","72.75","73.50","66.82","68.90","68.87","69.16","12,99,71,042","8,98,91,50,537.42","4,33,606","4,81,99,207","37.08"
"SUZLON","EQ","30-Oct-2024","68.87","68.99","69.63","67.56","68.08","68.13","68.70","5,27,61,387","3,62,46,85,397.12","1,92,657","2,00,72,229","38.04"
"SUZLON","EQ","31-Oct-2024","68.13","67.96","68.44","66.70","67.00","66.95","67.32","4,14,54,018","2,79,05,89,427.93","1,94,968","1,91,88,755","46.29"
"SUZLON","EQ","01-Nov-2024","66.95","67.30","68.40","67.20","68.19","68.14","68.06","1,49,65,199","1,01,85,32,031.81","1,11,526","79,10,346","52.86"
"SUZLON","EQ","04-Nov-2024","68.14","68.19","68.24","65.20","66.45","66.32","66.17","5,53,81,082","3,66,43,99,015.61","2,13,181","2,49,67,986","45.08"
"SUZLON","EQ","05-Nov-2024","66.32","66.30","68.25","65.53","67.30","67.37","66.86","4,56,26,050","3,05,07,36,299.70","1,51,196","1,54,10,719","33.78"
"SUZLON","EQ","06-Nov-2024","67.37","68.00","69.85","67.42","69.44","69.32","68.58","5,00,08,246","3,42,94,13,403.74","1,63,136","1,85,04,587","37.00"
"SUZLON","EQ","07-Nov-2024","69.32","69.45","69.45","66.44","66.58","66.80","67.82","4,93,54,800","3,34,71,38,974.21","2,14,130","2,56,03,946","51.88"
"SUZLON","EQ","08-Nov-2024","66.80","66.59","66.59","61.84","62.28","62.50","63.98","8,60,95,752","5,50,79,88,626.91","3,54,214","4,34,93,344","50.52"
"SUZLON","EQ","11-Nov-2024","62.50","61.50","63.14","58.56","61.90","62.16","61.19","12,81,04,971","7,83,91,76,769.83","3,46,655","4,68,09,804","36.54"
"SUZLON","EQ","12-Nov-2024","62.16","62.16","62.87","59.10","59.39","59.39","60.58","6,75,63,924","4,09,29,09,080.63","2,61,667","2,74,24,623","40.59"
"SUZLON","EQ","13-Nov-2024","59.39","58.00","59.28","53.45","54.49","54.03","55.80","19,45,11,406","10,85,36,09,246.96","7,43,605","9,31,15,265","47.87"
"SUZLON","EQ","14-Nov-2024","54.03","54.03","56.73","53.65","56.73","56.73","56.24","5,69,57,801","3,20,33,11,482.70","1,06,618","2,60,47,084","45.73"
"SUZLON","EQ","18-Nov-2024","56.73","59.45","59.56","56.80","59.10","59.26","58.93","11,91,10,598","7,01,87,02,028.18","2,65,103","5,25,17,856","44.09"
"SUZLON","EQ","19-Nov-2024","59.26","60.50","62.22","59.42","62.22","62.22","61.68","7,44,76,083","4,59,38,87,756.06","1,18,411","3,16,42,340","42.49"
"SUZLON","EQ","21-Nov-2024","62.22","63.90","65.33","63.50","65.33","65.33","64.94","13,15,79,845","8,54,51,91,044.51","2,28,437","5,79,04,394","44.01"
"SUZLON","EQ","22-Nov-2024","65.33","66.80","68.33","64.60","65.09","65.22","66.14","13,03,45,329","8,62,04,87,737.61","4,28,917","6,26,52,152","48.07"
"SUZLON","EQ","25-Nov-2024","65.22","67.00","67.50","63.71","64.46","64.23","65.00","12,39,22,270","8,05,44,85,224.00","2,77,504","7,18,16,801","57.95"
"SUZLON","EQ","26-Nov-2024","64.23","64.64","64.85","63.30","63.80","63.57","64.07","3,54,63,228","2,27,20,23,337.14","1,16,820","1,74,14,622","49.11"
"SUZLON","EQ","27-Nov-2024","63.57","63.88","64.29","62.71","63.69","63.59","63.63","3,71,52,591","2,36,39,20,933.22","1,30,261","1,64,24,400","44.21"
"SUZLON","EQ","28-Nov-2024","63.59","63.69","65.50","62.90","63.75","63.73","64.21","4,25,59,541","2,73,27,38,538.08","1,37,856","2,01,14,535","47.26"
"SUZLON","EQ","29-Nov-2024","63.73","63.90","64.22","62.41","63.15","62.98","63.00","5,48,15,057","3,45,31,12,204.25","1,55,788","3,25,13,552","59.32"
"SUZLON","EQ","02-Dec-2024","62.98","63.11","66.12","62.28","66.12","66.12","64.48","6,11,28,869","3,94,16,28,659.60","1,65,159","2,90,73,939","47.56"
"SUZLON","EQ","03-Dec-2024","66.12","66.79","67.30","65.00","65.35","65.40","66.12","9,11,00,475","6,02,40,13,784.59","2,23,793","4,85,03,016","53.24"
"SUZLON","EQ","04-Dec-2024","65.40","65.90","68.45","65.34","67.92","67.72","67.34","9,76,07,170","6,57,26,29,210.26","2,44,612","4,11,47,615","42.16"
"SUZLON","EQ","05-Dec-2024","67.72","68.20","68.80","66.88","68.32","68.26","67.77","5,62,95,912","3,81,49,12,405.62","1,53,025","2,27,01,082","40.32"
"SUZLON","EQ","06-Dec-2024","68.26","68.00","68.39","67.28","67.32","67.39","67.67","3,85,28,682","2,60,74,03,605.03","1,45,618","2,05,29,697","53.28"
"SUZLON","EQ","09-Dec-2024","67.39","67.38","67.80","66.40","67.19","67.36","67.11","3,46,35,931","2,32,44,94,796.45","1,85,013","1,79,55,909","51.84"
"SUZLON","EQ","10-Dec-2024","67.36","67.30","67.36","65.86","66.48","66.55","66.50","2,95,42,425","1,96,44,36,239.30","1,17,711","1,66,35,163","56.31"
"SUZLON","EQ","11-Dec-2024","66.55","66.42","67.20","65.85","66.07","66.12","66.44","3,25,30,712","2,16,12,69,675.59","1,22,093","1,44,37,995","44.38"
"SUZLON","EQ","12-Dec-2024","66.12","65.61","66.43","64.86","65.58","65.70","65.50","3,36,19,161","2,20,21,00,323.54","1,34,052","1,70,08,109","50.59"
"SUZLON","EQ","13-Dec-2024","65.70","65.50","67.68","65.26","66.17","66.20","66.49","4,79,52,699","3,18,85,44,747.90","1,32,842","1,86,13,478","38.82"
"SUZLON","EQ","16-Dec-2024","66.20","67.50","68.62","66.16","66.25","66.36","67.27","5,67,88,124","3,81,99,08,761.44","1,57,366","2,52,82,267","44.52"
"SUZLON","EQ","17-Dec-2024","66.36","66.36","69.67","66.21","69.67","69.56","69.15","18,83,45,914","13,02,41,11,343.44","2,38,852","7,76,66,418","41.24"
"SUZLON","EQ","18-Dec-2024","69.56","69.80","70.18","67.37","67.90","67.95","68.20","6,88,99,550","4,69,92,06,494.49","1,84,163","3,77,07,186","54.73"
"SUZLON","EQ","19-Dec-2024","67.95","66.50","68.58","66.20","67.14","67.05","67.25","5,62,37,783","3,78,21,47,505.40","1,29,289","3,05,48,196","54.32"
"SUZLON","EQ","20-Dec-2024","67.05","67.55","67.79","63.95","64.28","64.13","65.35","5,50,42,543","3,59,70,05,511.71","1,71,968","3,26,53,818","59.32"