symbol,series,date,prev_close,open_price,high_price,low_price,last_price,close_price,average_price,total_traded_quantity,turnover_INR,no._of_trades,deliverable_qty,%_dly_qt_to_traded_qty,turnover,total_trades,MA_10,MA_50,Daily_Volatility,Turn_over_ratio,RSI,MA_20,STD_20,Upper_band,lower_band
SUZLON,BE,20-Dec-2023,37.5,37.9,38.15,35.65,35.65,35.65,36.64,"6,01,10,787","2,20,22,32,717.65","1,93,445",-,-,2202232717.65,193445,,,2.5,11384.283479283518,,,,,
SUZLON,BE,21-Dec-2023,35.65,34.3,37.25,33.9,37.25,37.1,35.81,"6,82,14,659","2,44,26,83,862.10","1,88,362",-,-,2442683862.1,188362,,,3.3500000000000014,12968.028912944224,,,,,
SUZLON,BE,22-Dec-2023,37.1,37.5,38.0,36.5,37.05,37.25,37.27,"2,73,63,287","1,01,98,36,279.95","80,886",-,-,1019836279.95,80886,,,1.5,12608.316395297086,,,,,
SUZLON,BE,26-Dec-2023,37.25,37.25,37.65,36.55,36.9,36.9,36.86,"2,44,83,621","90,25,78,695.00","97,920",-,-,902578695.0,97920,,,1.1000000000000014,9217.511182598038,,,,,
SUZLON,BE,27-Dec-2023,36.9,37.3,37.3,36.2,37.05,37.05,36.86,"2,97,36,305","1,09,60,40,601.45","93,578",-,-,1096040601.45,93578,,,1.0999999999999943,11712.588444399325,,,,,
SUZLON,BE,28-Dec-2023,37.05,37.2,38.5,37.1,38.15,38.15,38.03,"4,94,28,774","1,87,98,55,834.10","1,16,521",-,-,1879855834.1,116521,,,1.3999999999999986,16133.193450965919,,,,,
SUZLON,BE,29-Dec-2023,38.15,38.55,38.7,38.0,38.2,38.2,38.25,"2,81,53,967","1,07,69,18,905.60","80,444",-,-,1076918905.6,80444,,,0.7000000000000028,13387.187429764805,,,,,
SUZLON,BE,01-Jan-2024,38.2,38.5,38.6,38.0,38.35,38.5,38.43,"3,50,78,873","1,34,82,12,506.95","94,869",-,-,1348212506.95,94869,,,0.6000000000000014,14211.307244199897,,,,,
SUZLON,BE,02-Jan-2024,38.5,38.7,38.8,37.1,38.1,38.25,37.95,"3,08,64,924","1,17,13,66,802.05","1,01,903",-,-,1171366802.05,101903,,,1.6999999999999957,11494.919698634976,,,,,
SUZLON,BE,03-Jan-2024,38.25,38.25,38.25,37.7,37.9,37.8,37.9,"2,17,88,140","82,58,01,619.90","72,619",-,-,825801619.9,72619,37.485,,0.5499999999999972,11371.701894820915,,,,,
SUZLON,BE,04-Jan-2024,37.8,37.8,39.3,37.75,38.7,38.7,38.43,"3,82,32,279","1,46,93,01,292.10","80,323",-,-,1469301292.1,80323,37.790000000000006,,1.5499999999999972,18292.410543679893,,,,,
SUZLON,BE,05-Jan-2024,38.7,38.9,40.6,38.7,40.6,40.6,39.72,"7,57,99,676","3,01,09,29,201.70","1,19,346",-,-,3010929201.7,119346,38.14,,1.8999999999999986,25228.572400415596,,,,,
SUZLON,BE,08-Jan-2024,40.6,41.5,42.6,40.0,42.6,42.6,41.66,"9,26,02,484","3,85,73,65,671.25","1,52,794",-,-,3857365671.25,152794,38.675,,2.6000000000000014,25245.531049975783,,,,,
SUZLON,BE,09-Jan-2024,42.6,43.25,44.0,41.5,43.35,43.55,43.15,"10,35,82,158","4,46,91,35,516.20","1,82,097",-,-,4469135516.2,182097,39.34,,2.5,24542.60924781847,89.49999999999997,,,,
SUZLON,BE,10-Jan-2024,43.55,44.1,44.2,42.3,43.5,43.55,43.47,"5,44,17,493","2,36,57,76,927.00","1,41,366",-,-,2365776927.0,141366,39.989999999999995,,1.9000000000000057,16735.11966809558,89.49999999999997,,,,
SUZLON,BE,11-Jan-2024,43.55,43.9,44.0,42.7,43.55,43.6,43.27,"4,80,37,394","2,07,87,89,804.40","1,26,732",-,-,2078789804.4,126732,40.535000000000004,,1.2999999999999972,16403.037941482817,87.79069767441857,,,,
SUZLON,BE,12-Jan-2024,43.6,43.8,45.4,43.15,44.7,44.9,44.56,"8,82,10,161","3,93,04,86,689.60","1,59,348",-,-,3930486689.6,159348,41.205,,2.25,24666.05598815172,89.2307692307692,,,,
SUZLON,EQ,15-Jan-2024,44.9,45.2,45.7,43.7,43.9,43.85,44.35,"7,34,14,515","3,25,60,27,486.80","1,58,047","5,10,05,429",69.48,3256027486.8,158047,41.739999999999995,,2.0,20601.640567679235,83.25358851674642,,,,
SUZLON,EQ,16-Jan-2024,43.85,44.0,44.2,41.65,42.2,42.05,42.55,"7,36,62,300","3,13,40,25,129.50","1,70,758","4,74,10,713",64.36,3134025129.5,170758,42.12,,2.5500000000000043,18353.606445964466,70.66115702479337,,,,
SUZLON,EQ,17-Jan-2024,42.05,41.5,42.65,40.35,41.0,40.9,41.31,"6,23,50,656","2,57,57,98,900.85","1,46,117","3,78,19,024",60.66,2575798900.85,146117,42.42999999999999,,2.299999999999997,17628.331411471627,61.31687242798353,39.957499999999996,2.909208383916945,45.775916767833884,34.13908323216611
SUZLON,EQ,18-Jan-2024,40.9,40.9,42.9,40.1,42.9,42.9,42.08,"7,73,61,249","3,25,56,50,126.10","1,16,074","4,21,52,722",54.49,3255650126.1,116074,42.85,,2.799999999999997,28048.05663714527,66.66666666666666,40.32,2.7936205521641084,45.907241104328214,34.732758895671786
SUZLON,EQ,19-Jan-2024,42.9,43.5,44.45,41.45,41.7,41.85,42.91,"11,86,53,572","5,09,13,66,741.85","1,86,448","6,66,86,543",56.20,5091366741.85,186448,42.975,,3.0,27307.167370258732,61.27946127946129,40.5575,2.7060008849728225,45.969501769945644,35.14549823005435
SUZLON,EQ,20-Jan-2024,41.85,42.0,42.45,41.25,42.0,41.8,41.9,"3,99,48,658","1,67,38,57,681.15","1,06,109","2,47,47,347",61.95,1673857681.15,106109,42.894999999999996,,1.2000000000000028,15774.888851558304,62.11604095563139,40.785000000000004,2.602584747596333,45.99016949519267,35.57983050480734
SUZLON,EQ,23-Jan-2024,41.8,42.5,43.0,40.2,41.3,41.15,41.31,"6,18,21,069","2,55,39,04,612.25","1,67,425","4,21,79,157",68.23,2553904612.25,167425,42.654999999999994,,2.799999999999997,15254.021873973421,61.27946127946129,40.9975,2.4369132222201912,45.871326444440385,36.12367355555962
SUZLON,EQ,24-Jan-2024,41.15,41.6,41.6,40.35,41.2,41.2,41.09,"3,35,24,849","1,37,75,10,391.25","97,752","2,06,40,070",61.57,1377510391.25,97752,42.42,,1.25,14091.889590494313,58.92857142857143,41.205,2.2528286313222496,45.710657262644496,36.6993427373555
SUZLON,EQ,25-Jan-2024,41.2,41.65,43.0,40.9,42.45,42.55,41.89,"5,38,39,790","2,25,56,03,279.70","1,22,012","2,99,70,234",55.67,2255603279.7,122012,42.315,,2.1000000000000014,18486.733105760086,57.24907063197025,41.425,2.151345967919671,45.72769193583934,37.122308064160656
SUZLON,EQ,29-Jan-2024,42.55,43.0,43.85,42.55,43.05,43.25,43.1,"6,49,87,571","2,80,07,03,180.00","1,64,257","3,92,99,777",60.47,2800703180.0,164257,42.15,,1.3000000000000043,17050.738659539624,52.67489711934156,41.6775,2.046722347662494,45.77094469532499,37.58405530467501
SUZLON,EQ,30-Jan-2024,43.25,43.5,44.85,42.75,44.0,43.8,44.08,"8,82,70,852","3,89,11,47,685.15","1,53,942","4,16,72,286",47.21,3891147685.15,153942,42.144999999999996,,2.1000000000000014,25276.712561549157,51.06382978723405,41.9425,1.954702494525773,45.85190498905155,38.03309501094846
SUZLON,EQ,31-Jan-2024,43.8,44.4,45.95,44.2,45.95,45.95,45.35,"14,53,74,835","6,59,33,26,883.45","2,02,852","7,55,68,684",51.98,6593326883.45,202852,42.535,,1.75,32503.13964589947,58.63309352517987,42.3275,1.9474325202821905,46.222365040564384,38.43263495943562
SUZLON,EQ,01-Feb-2024,45.95,47.3,48.2,47.0,48.2,48.2,48.02,"19,55,41,083","9,38,90,28,209.45","2,28,620","8,07,38,334",41.29,9389028209.45,228620,43.265,,1.2000000000000028,41068.27140866941,64.28571428571429,42.8475,2.060114649338977,46.96772929867795,38.72727070132204
SUZLON,EQ,02-Feb-2024,48.2,49.9,50.6,48.0,48.9,48.6,49.77,"21,95,13,812","10,92,58,58,093.95","4,51,216","10,69,02,187",48.70,10925858093.95,451216,43.834999999999994,,2.6000000000000014,24214.252362394065,62.17105263157896,43.3425,2.1960056442262803,47.73451128845256,38.95048871154744
SUZLON,EQ,05-Feb-2024,48.6,49.6,50.0,47.5,48.3,48.25,49.01,"11,22,97,989","5,50,40,96,946.90","3,70,377","7,16,30,927",63.79,5504096946.9,370377,44.475,,2.5,14860.795748386103,65.17241379310343,43.725,2.353748410290989,48.43249682058198,39.01750317941802
SUZLON,EQ,06-Feb-2024,48.25,48.8,48.8,47.2,48.2,48.0,47.92,"5,31,68,885","2,54,77,11,427.75","1,71,375","3,46,29,383",65.13,2547711427.75,171375,45.095,,1.5999999999999943,14866.295712618527,72.97297297297298,43.995,2.5216379388676775,49.03827587773535,38.95172412226464
SUZLON,EQ,07-Feb-2024,48.0,48.2,49.95,48.2,49.35,49.25,49.23,"6,48,66,228","3,19,30,42,184.65","1,66,265","3,90,43,435",60.19,3193042184.65,166265,45.905,,1.75,19204.53603975581,81.99233716475095,44.28,2.7777973098728475,49.8355946197457,38.724405380254304
SUZLON,EQ,08-Feb-2024,49.25,49.5,49.75,48.5,49.3,49.35,49.12,"5,38,50,076","2,64,51,14,247.30","1,47,234","3,30,94,145",61.46,2645114247.3,147234,46.72,,1.25,17965.376525123276,78.9237668161435,44.57,2.9920684624871994,50.5541369249744,38.5858630750256
SUZLON,EQ,09-Feb-2024,49.35,49.35,49.4,46.9,47.7,47.35,47.47,"9,07,32,188","4,30,67,76,886.55","2,21,402","5,10,72,794",56.29,4306776886.55,221402,47.2,,2.5,19452.29440813543,72.72727272727272,44.7575,3.0451114835697575,50.84772296713952,38.66727703286048
SUZLON,EQ,12-Feb-2024,47.35,47.95,48.2,45.0,45.0,45.0,45.55,"6,53,98,403","2,97,89,37,321.35","1,73,192","3,82,86,197",58.54,2978937321.35,173192,47.375,,3.200000000000003,17200.201633735967,61.11111111111112,44.7625,3.0454398610657885,50.85337972213158,38.67162027786843
SUZLON,EQ,13-Feb-2024,45.0,43.65,44.65,42.75,43.85,43.9,43.05,"13,54,10,453","5,82,95,90,162.80","1,93,024","4,97,93,502",36.77,5829590162.8,193024,47.385000000000005,,1.8999999999999986,30201.374765832228,59.25925925925925,44.765,3.044671791144238,50.85434358228848,38.67565641771152
SUZLON,EQ,14-Feb-2024,43.9,42.45,46.05,42.05,46.05,46.05,44.68,"5,98,61,806","2,67,44,91,206.15","1,35,080","3,37,29,636",56.35,2674491206.15,135080,47.395,,4.0,19799.313045232455,64.30678466076694,44.964999999999996,2.9877865420830547,50.940573084166104,38.98942691583389
SUZLON,EQ,15-Feb-2024,46.05,46.95,47.75,46.5,46.95,47.05,47.15,"4,47,81,950","2,11,13,93,023.95","1,22,186","2,93,47,688",65.53,2111393023.95,122186,47.279999999999994,,1.25,17280.155041903326,63.554216867469876,45.2725,2.8611956922716195,50.99489138454324,39.550108615456764
SUZLON,BE,16-Feb-2024,47.05,47.7,47.7,46.0,46.6,46.85,46.77,"2,38,58,185","1,11,58,17,171.95","85,235",-,-,1115817171.95,85235,47.105000000000004,,1.7000000000000028,13091.067894057605,61.18012422360248,45.470000000000006,2.824908009680649,51.1198160193613,39.82018398063871
SUZLON,BE,19-Feb-2024,46.85,47.5,47.6,46.05,46.25,46.15,46.52,"1,94,76,010","90,60,85,036.35","1,09,389",-,-,906085036.35,109389,46.894999999999996,,1.5500000000000043,8283.145803965665,57.23076923076923,45.685,2.695566535511304,51.07613307102261,40.293866928977394
SUZLON,BE,20-Feb-2024,46.15,46.65,46.85,45.6,45.9,45.8,46.18,"2,01,08,565","92,86,14,076.15","80,023",-,-,928614076.15,80023,46.675,,1.25,11604.339704210039,49.48096885813147,45.885000000000005,2.535801544617442,50.95660308923489,40.81339691076512
SUZLON,BE,21-Feb-2024,45.8,45.95,46.0,43.75,44.75,44.75,45.04,"3,04,40,623","1,37,09,92,444.85","1,10,192",-,-,1370992444.85,110192,46.225,,2.25,12441.850995081311,36.981132075471685,46.065,2.298689558033124,50.66237911606625,41.46762088393375
SUZLON,BE,22-Feb-2024,44.75,44.85,45.3,43.8,44.7,44.8,44.71,"2,32,76,564","1,04,07,13,006.50","88,174",-,-,1040713006.5,88174,45.769999999999996,,1.5,11802.946520516252,35.271317829457345,46.245,2.021977926892898,50.288955853785794,42.2010441462142
SUZLON,BE,23-Feb-2024,44.8,45.15,45.6,44.8,44.9,44.9,45.26,"2,52,86,705","1,14,43,79,920.20","91,694",-,-,1144379920.2,91694,45.525,,0.8000000000000043,12480.423148733833,36.75889328063241,46.3625,1.857550381834266,50.07760076366853,42.64739923633147
SUZLON,BE,26-Feb-2024,44.9,45.75,45.75,43.35,44.1,43.75,44.25,"3,00,50,547","1,32,97,27,522.40","1,11,644",-,-,1329727522.4,111644,45.4,,2.3999999999999986,11910.425301852318,34.31734317343174,46.3875,1.81636384889673,50.020227697793466,42.75477230220654
SUZLON,BE,27-Feb-2024,43.75,44.2,45.0,43.5,44.55,44.55,44.42,"2,26,24,252","1,00,49,82,481.25","78,197",-,-,1004982481.25,78197,45.464999999999996,,1.5,12851.931420003324,32.06106870229006,46.425,1.7672086225993437,49.959417245198686,42.89058275480131
SUZLON,BE,28-Feb-2024,44.55,44.6,44.65,42.35,43.0,43.2,42.95,"3,68,87,600","1,58,43,85,769.10","1,37,715",-,-,1584385769.1,137715,45.17999999999999,,2.299999999999997,11504.816244417818,28.571428571428555,46.2875,1.907524918785982,50.102549837571964,42.47245016242804
SUZLON,BE,29-Feb-2024,43.2,43.0,45.35,41.05,45.35,45.25,44.44,"11,72,00,579","5,20,80,32,683.20","1,40,146",-,-,5208032683.2,140146,45.0,43.092,4.300000000000004,37161.479337262565,42.70833333333332,46.14,1.865447596916648,49.8708951938333,42.4091048061667
SUZLON,BE,01-Mar-2024,45.25,45.6,46.0,44.1,44.35,44.3,44.68,"2,20,93,410","98,70,44,448.90","95,809",-,-,987044448.9,95809,44.745,43.265,1.8999999999999986,10302.210114916135,47.30769230769229,45.925,1.8140895933309271,49.55317918666185,42.296820813338144
SUZLON,BE,02-Mar-2024,44.3,44.5,44.5,43.5,44.0,43.95,44.03,"50,69,403","22,32,21,038.50","26,146",-,-,223221038.5,26146,44.525,43.402,1.0,8537.483305285703,50.20408163265308,45.71,1.778497295915553,49.26699459183111,42.153005408168895
SUZLON,BE,04-Mar-2024,43.95,42.8,43.8,41.75,42.9,42.8,42.33,"5,50,74,786","2,33,15,75,495.50","1,83,462",-,-,2331575495.5,183462,44.225,43.513000000000005,2.049999999999997,12708.765278368273,35.55555555555554,45.45,1.8059842046287127,49.06196840925743,41.838031590742574
SUZLON,BE,05-Mar-2024,42.8,41.65,41.65,40.7,40.7,40.7,40.87,"5,32,78,004","2,17,76,47,892.85","1,72,129",-,-,2177647892.85,172129,43.82,43.589,0.9499999999999957,12651.25512174009,24.29149797570848,45.0225,1.8699475787755095,48.76239515755102,41.28260484244898
SUZLON,BE,06-Mar-2024,40.7,39.0,39.0,38.7,38.7,38.7,38.72,"2,90,49,668","1,12,49,36,877.10","1,21,952",-,-,1124936877.1,121952,43.21,43.62200000000001,0.29999999999999716,9224.423355910521,21.201413427561803,44.489999999999995,2.0776124961624776,48.64522499232495,40.33477500767504
SUZLON,BE,07-Mar-2024,38.7,37.2,40.6,37.2,40.6,40.6,39.49,"5,82,88,425","2,30,18,08,670.50","1,52,688",-,-,2301808670.5,152688,42.78,43.67100000000001,3.3999999999999986,15075.242785942575,31.921824104234503,44.152499999999996,2.135999396313719,48.42449879262743,39.88050120737256
SUZLON,BE,11-Mar-2024,40.6,41.5,42.0,39.0,39.5,39.35,40.47,"3,95,27,748","1,59,96,90,805.65","1,88,087",-,-,1599690805.65,188087,42.34,43.693999999999996,3.0,8505.057795860426,30.153846153846146,43.87,2.377935858547987,48.62587171709597,39.114128282904026
SUZLON,BE,12-Mar-2024,39.35,39.35,40.0,37.4,39.0,39.3,38.08,"4,74,04,379","1,80,52,09,959.75","1,91,827",-,-,1805209959.75,191827,41.815,43.71,2.6000000000000014,9410.614562861329,32.13114754098358,43.64,2.588059626743339,48.816119253486676,38.463880746513325
SUZLON,BE,13-Mar-2024,39.3,38.5,39.3,37.35,37.35,37.35,37.53,"3,81,60,910","1,43,22,89,591.85","1,32,555",-,-,1432289591.85,132555,41.230000000000004,43.692,1.9499999999999957,10805.247571574062,28.27988338192418,43.205,2.8767168786656625,48.95843375733132,37.451566242668676
SUZLON,BE,14-Mar-2024,37.35,35.5,39.2,35.5,39.1,39.05,37.05,"6,70,13,191","2,48,25,74,907.35","1,71,201",-,-,2482574907.35,171201,40.61,43.717,3.700000000000003,14500.936953347235,34.39999999999998,42.80499999999999,2.8701228655160036,48.545245731032,37.06475426896799
SUZLON,BE,15-Mar-2024,39.05,39.0,40.0,37.5,38.5,39.4,39.18,"14,49,57,453","5,67,96,73,817.30","1,23,874",-,-,5679673817.3,123874,40.12,43.730999999999995,2.5,45850.41104105785,37.88300835654594,42.432500000000005,2.8001069058538484,48.0327138117077,36.83228618829231
SUZLON,BE,18-Mar-2024,39.4,38.85,38.9,37.7,38.35,38.55,38.31,"2,26,47,157","86,76,36,321.60","93,618",-,-,867636321.6,93618,39.58,43.69,1.1999999999999957,9267.83654425431,33.333333333333314,42.052499999999995,2.7847080069929064,47.62191601398581,36.48308398601418
SUZLON,BE,19-Mar-2024,38.55,38.4,38.4,36.8,37.05,37.15,37.45,"2,05,48,501","76,94,83,899.15","1,06,683",-,-,769483899.15,106683,39.015,43.581,1.6000000000000014,7212.807093445066,33.24099722991687,41.62,2.8431542898318662,47.30630857966373,35.93369142033627
SUZLON,BE,20-Mar-2024,37.15,37.15,37.7,35.6,36.4,36.3,36.46,"2,68,93,468","98,06,28,253.55","90,889",-,-,980628253.55,90889,38.575,43.43599999999999,2.1000000000000014,10789.295223294348,23.442136498516305,41.197500000000005,2.978187147277751,47.15387429455551,35.2411257054445
SUZLON,BE,21-Mar-2024,36.3,37.0,38.1,36.5,37.2,37.3,37.32,"5,49,16,534","2,04,93,62,524.30","78,451",-,-,2049362524.3,78451,38.434999999999995,43.31100000000001,1.6000000000000014,26122.834945379916,29.28994082840235,40.822500000000005,2.972880713523831,46.76826142704767,34.87673857295234
SUZLON,BE,22-Mar-2024,37.3,37.0,37.95,36.35,37.5,37.35,37.47,"1,78,91,396","67,03,89,994.35","66,848",-,-,670389994.35,66848,38.11,43.18600000000001,1.6000000000000014,10028.572198869077,30.12048192771084,40.445,2.9064764343028395,46.25795286860568,34.63204713139432
SUZLON,BE,26-Mar-2024,37.35,37.5,37.65,36.8,37.0,37.1,37.07,"2,50,64,700","92,91,11,035.95","87,638",-,-,929111035.95,87638,37.885,43.03,0.8500000000000014,10601.691457472787,31.8471337579618,40.1125,2.8888112197161213,45.89012243943224,34.334877560567755
SUZLON,BE,27-Mar-2024,37.1,37.4,38.95,37.1,38.65,38.5,38.39,"9,23,36,818","3,54,46,39,637.65","1,21,775",-,-,3544639637.65,121775,37.80499999999999,42.923,1.8500000000000014,29108.10624225005,42.66666666666665,39.81,2.710971859140643,45.231943718281286,34.38805628171872
SUZLON,BE,28-Mar-2024,38.5,39.0,40.4,38.6,40.4,40.4,39.98,"4,46,88,873","1,78,65,46,865.10","93,275",-,-,1786546865.1,93275,38.11,42.89,1.7999999999999972,19153.544519967836,55.704697986577166,39.67,2.5965766937095527,44.8631533874191,34.4768466125809
SUZLON,BE,01-Apr-2024,40.4,39.95,41.75,38.4,41.25,41.35,40.68,"3,25,53,386","1,32,43,97,485.70","95,403",-,-,1324397485.7,95403,38.339999999999996,42.898999999999994,3.3500000000000014,13882.136680188254,52.68817204301075,39.475,2.2829747445406325,44.040949489081264,34.90905051091874
SUZLON,BE,02-Apr-2024,41.35,41.8,43.0,40.4,42.45,42.5,41.8,"3,11,26,883","1,30,12,26,053.30","98,948",-,-,1301226053.3,98948,38.65,42.89099999999999,2.6000000000000014,13150.604896511299,61.37184115523465,39.385000000000005,2.111815133456188,43.60863026691238,35.16136973308763
SUZLON,BE,03-Apr-2024,42.5,42.5,43.55,41.6,43.5,43.5,43.07,"2,80,78,702","1,20,94,47,345.70","89,171",-,-,1209447345.7,89171,39.144999999999996,42.924,1.9499999999999957,13563.236317861189,64.18918918918921,39.3625,2.0624381968411347,43.48737639368227,35.237623606317726
SUZLON,BE,04-Apr-2024,43.5,44.5,44.6,42.7,42.75,42.95,43.69,"3,07,12,841","1,34,17,78,217.00","1,02,273",-,-,1341778217.0,102273,39.725,42.94700000000001,1.8999999999999986,13119.574247357563,70.8955223880597,39.37,2.075825771007477,43.52165154201495,35.218348457985044
SUZLON,BE,05-Apr-2024,42.95,43.0,43.0,42.0,42.7,42.65,42.51,"1,58,30,518","67,29,69,584.85","64,975",-,-,672969584.85,64975,40.36,42.977,1.0,10357.361829165064,65.0,39.467499999999994,2.184531444401473,43.83656288880294,35.09843711119705
SUZLON,BE,08-Apr-2024,42.65,43.15,43.15,41.4,41.7,41.5,41.98,"2,00,72,402","84,26,58,948.85","77,363",-,-,842658948.85,77363,40.78,42.98299999999999,1.75,10892.273423341909,58.20312500000001,39.6075,2.222153708739114,44.05180741747823,35.16319258252177
SUZLON,BE,09-Apr-2024,41.5,41.5,42.5,40.8,41.1,40.9,41.3,"2,05,48,936","84,86,84,344.50","75,571",-,-,848684344.5,75571,41.135000000000005,42.95,1.7000000000000028,11230.2913088354,59.36254980079681,39.6225,2.2302038495451844,44.08290769909037,35.162092300909634
SUZLON,BE,10-Apr-2024,40.9,41.15,42.65,41.1,42.15,42.15,42.11,"2,86,93,252","1,20,83,03,457.80","72,304",-,-,1208303457.8,72304,41.64,42.928000000000004,1.5499999999999972,16711.433085306482,70.16129032258064,39.7625,2.2990201001845274,44.36054020036906,35.16445979963095
SUZLON,BE,12-Apr-2024,42.15,42.15,42.75,41.8,42.1,42.15,42.34,"3,72,05,677","1,57,51,25,895.80","80,708",-,-,1575125895.8,80708,42.005,42.895,0.9500000000000028,19516.35396491054,75.32467532467533,39.905,2.3564525077014546,44.61790501540291,35.19209498459709
SUZLON,BE,15-Apr-2024,42.15,40.05,41.2,40.05,40.7,40.75,40.48,"3,76,43,079","1,52,38,70,235.20","1,01,506",-,-,1523870235.2,101506,42.04,42.791000000000004,1.1500000000000057,15012.612409118674,64.43514644351465,40.075,2.283954327131105,44.642908654262214,35.50709134573779
SUZLON,BE,16-Apr-2024,40.75,39.85,41.25,39.55,40.65,40.5,40.63,"2,09,94,202","85,30,47,547.75","71,075",-,-,853047547.75,71075,41.955,42.637,1.7000000000000028,12002.075944424903,62.96296296296296,40.1475,2.272691136076314,44.69288227215263,35.60211772784737
SUZLON,BE,18-Apr-2024,40.5,41.0,41.7,40.7,41.4,41.15,41.29,"2,39,17,024","98,74,67,404.00","63,080",-,-,987467404.0,63080,41.82,42.488,1.0,15654.207419150285,66.13545816733067,40.235,2.2760827382981477,44.78716547659629,35.682834523403706
SUZLON,BE,19-Apr-2024,41.15,40.45,40.7,39.1,39.1,39.35,39.61,"5,40,49,625","2,14,10,17,504.90","1,00,827",-,-,2141017504.9,100827,41.405,42.31,1.6000000000000014,21234.565194838684,53.28185328185329,40.275,2.2518121357557095,44.77862427151142,35.77137572848858
SUZLON,EQ,22-Apr-2024,39.35,38.85,41.3,38.6,41.0,40.85,40.56,"6,21,14,928","2,51,93,49,820.80","97,982","3,93,35,739",63.33,2519349820.8,97982,41.19500000000001,42.167,2.6999999999999957,25712.373913575964,51.792828685258975,40.46,2.1302705536102207,44.72054110722044,36.19945889277956
SUZLON,EQ,23-Apr-2024,40.85,41.0,42.1,40.55,41.6,41.85,41.49,"6,92,15,858","2,87,20,62,208.25","90,387","4,69,33,591",67.81,2872062208.25,90387,41.114999999999995,42.019,1.5500000000000043,31775.169086815582,51.98412698412699,40.7375,1.909937653983793,44.55737530796758,36.91762469203241
SUZLON,EQ,24-Apr-2024,41.85,41.9,42.5,41.45,41.85,41.8,41.95,"3,42,52,835","1,43,68,30,732.65","93,720","2,52,28,624",73.65,1436830732.65,93720,41.144999999999996,41.868,1.0499999999999972,15331.100433738797,46.95652173913042,40.9625,1.7412846890789868,44.445069378157974,37.47993062184202
SUZLON,BE,25-Apr-2024,41.8,42.2,42.3,41.25,41.9,42.15,41.93,"2,28,66,483","95,88,46,620.15","50,726",-,-,958846620.15,50726,41.269999999999996,41.764,1.0499999999999972,18902.46855951583,43.77880184331797,41.2025,1.5358415317102767,44.27418306342055,38.13081693657945
SUZLON,BE,26-Apr-2024,42.15,42.05,42.15,41.25,41.65,41.65,41.64,"1,82,01,395","75,78,54,448.90","59,583",-,-,757854448.9,59583,41.22,41.696999999999996,0.8999999999999986,12719.306662974337,43.98148148148146,41.42999999999999,1.1954298940459887,43.82085978809197,39.03914021190801
SUZLON,BE,29-Apr-2024,41.65,41.85,42.0,41.4,41.65,41.6,41.7,"1,78,15,539","74,29,41,146.75","66,645",-,-,742941146.75,66645,41.165,41.651,0.6000000000000014,11147.740216820466,45.023696682464475,41.584999999999994,0.9764462957177481,43.53789259143549,39.6321074085645
SUZLON,BE,30-Apr-2024,41.6,41.95,42.1,41.0,41.25,41.6,41.76,"3,04,99,261","1,27,35,51,201.30","72,116",-,-,1273551201.3,72116,41.25,41.562,1.1000000000000014,17659.75929474735,50.531914893617035,41.644999999999996,0.9358221828395589,43.51664436567911,39.77335563432088
SUZLON,BE,02-May-2024,41.6,41.6,42.05,41.05,41.6,41.7,41.74,"3,15,30,269","1,31,62,12,699.25","69,610",-,-,1316212699.25,69610,41.37,41.455,1.0,18908.38527869559,54.49438202247193,41.6625,0.9332843815482853,43.529068763096575,39.79593123690343
SUZLON,BE,03-May-2024,41.7,42.0,42.3,41.05,41.35,41.35,41.58,"2,37,25,164","98,65,49,905.45","56,054",-,-,986549905.45,56054,41.39,41.345,1.25,17599.991177257645,45.00000000000002,41.605,0.9142008301760595,43.43340166035212,39.776598339647876
SUZLON,BE,06-May-2024,41.35,42.0,42.0,40.4,40.7,40.8,40.93,"1,72,32,143","70,52,92,657.90","73,671",-,-,705292657.9,73671,41.535000000000004,41.238,1.6000000000000014,9573.545328555334,42.10526315789473,41.47,0.8134397399476953,43.09687947989539,39.843120520104605
SUZLON,BE,07-May-2024,40.8,40.75,40.8,39.0,39.75,39.75,39.72,"2,78,31,110","1,10,53,47,723.50","79,121",-,-,1105347723.5,79121,41.425,41.117,1.7999999999999972,13970.345717319044,43.90243902439024,41.31,0.8216799223156774,42.95335984463136,39.66664015536865
SUZLON,BE,08-May-2024,39.75,39.75,40.2,39.05,40.05,39.95,39.76,"2,49,40,794","99,17,23,663.85","56,402",-,-,991723663.85,56402,41.235,41.020999999999994,1.1500000000000057,17583.12938991525,46.625766871165666,41.175,0.8116746820454231,42.798349364090846,39.55165063590915
SUZLON,BE,09-May-2024,39.95,40.0,40.4,39.45,39.7,39.6,39.95,"2,10,71,854","84,19,21,946.65","58,358",-,-,841921946.65,58358,41.015,40.917,0.9499999999999957,14426.847161486,40.12738853503187,41.08,0.8799521518091412,42.83990430361828,39.32009569638171
SUZLON,BE,10-May-2024,39.6,39.85,40.1,39.0,39.9,39.9,39.67,"1,46,67,345","58,18,13,449.60","58,160",-,-,581813449.6,58160,40.790000000000006,40.817,1.1000000000000014,10003.670041265475,54.3307086614173,41.029999999999994,0.9182936120297205,42.86658722405944,39.19341277594055
SUZLON,BE,13-May-2024,39.9,39.9,39.9,37.9,39.15,39.0,38.61,"2,30,30,136","88,92,49,230.55","94,211",-,-,889249230.55,94211,40.525,40.722,2.0,9438.910854889557,33.913043478260875,40.872499999999995,0.9838799402579362,42.840259880515866,38.904740119484124
SUZLON,BE,14-May-2024,39.0,39.05,40.75,39.05,40.15,40.2,39.9,"1,56,80,138","62,57,05,101.05","53,722",-,-,625705101.05,53722,40.385000000000005,40.635,1.7000000000000028,11647.092458396932,36.13445378151265,40.775,0.946531062687028,42.66806212537406,38.88193787462594
SUZLON,BE,15-May-2024,40.2,40.4,42.2,40.05,42.2,42.2,41.5,"4,27,47,507","1,77,39,39,119.20","79,098",-,-,1773939119.2,79098,40.445,40.615,2.1500000000000057,22427.10459430074,52.53164556962029,40.847500000000004,0.9986141713183073,42.84472834263662,38.850271657363386
SUZLON,BE,16-May-2024,42.2,42.5,43.0,41.75,42.75,42.8,42.51,"3,63,44,580","1,54,49,24,874.40","1,14,811",-,-,1544924874.4,114811,40.555,40.566,1.25,13456.244387732884,53.98773006134969,40.9625,1.0851721910417615,43.13284438208352,38.79215561791648
SUZLON,BE,17-May-2024,42.8,42.8,42.95,42.1,42.65,42.6,42.52,"2,41,16,415","1,02,53,36,239.35","68,873",-,-,1025336239.35,68873,40.68,40.532,0.8500000000000014,14887.346846369404,56.05095541401276,41.035000000000004,1.1451384655416164,43.32527693108324,38.74472306891677
SUZLON,BE,18-May-2024,42.6,42.6,43.05,42.3,42.45,42.5,42.8,"68,23,410","29,20,17,552.75","18,981",-,-,292017552.75,18981,40.85,40.503,0.75,15384.729611190138,55.69620253164556,41.1925,1.1174777755943133,43.42745555118863,38.957544448811376
SUZLON,BE,21-May-2024,42.5,42.5,44.2,41.9,44.0,44.05,43.17,"4,56,15,167","1,96,92,15,965.70","1,25,073",-,-,1969215965.7,125073,41.279999999999994,40.528,2.3000000000000043,15744.53291837567,62.96296296296295,41.3525,1.2827268446144635,43.91795368922892,38.787046310771075
SUZLON,BE,22-May-2024,44.05,44.5,46.25,42.95,46.1,46.0,45.71,"8,02,21,850","3,66,69,18,681.90","1,51,216",-,-,3666918681.9,151216,41.885,40.634,3.299999999999997,24249.54159546609,69.02654867256636,41.559999999999995,1.6504066484545543,44.8608132969091,38.25918670309089
SUZLON,BE,23-May-2024,46.0,46.4,48.3,45.7,48.3,48.3,47.36,"9,05,28,423","4,28,78,06,404.60","1,74,337",-,-,4287806404.6,174337,42.755,40.826,2.5999999999999943,24594.930534539428,76.22641509433961,41.885000000000005,2.23619154626315,46.357383092526305,37.412616907473705
SUZLON,BE,24-May-2024,48.3,49.0,49.0,45.9,45.9,45.95,47.48,"5,30,70,069","2,51,99,60,853.65","1,39,881",-,-,2519960853.65,139881,43.36,40.933,3.1000000000000014,18015.03316140148,67.10963455149505,42.075,2.414239555549278,46.90347911109856,37.24652088890144
SUZLON,BE,27-May-2024,45.95,45.25,46.7,45.0,45.15,45.2,45.49,"3,85,21,150","1,75,21,42,884.10","1,13,095",-,-,1752142884.1,113095,43.980000000000004,41.05,1.7000000000000028,15492.664433440912,68.47457627118646,42.252500000000005,2.5099525577399047,47.27240511547981,37.232594884520196
SUZLON,BE,28-May-2024,45.2,45.5,45.85,43.4,44.2,43.95,44.23,"2,62,64,263","1,16,16,83,273.55","89,497",-,-,1161683273.55,89497,44.355000000000004,41.143,2.450000000000003,12980.136468820183,62.658227848101276,42.37,2.5327019065354386,47.43540381307088,37.30459618692912
SUZLON,BE,29-May-2024,43.95,43.9,46.1,43.55,46.1,46.1,45.56,"3,09,79,346","1,41,15,61,325.15","71,296",-,-,1411561325.15,71296,44.745000000000005,41.318000000000005,2.5500000000000043,19798.604762539275,68.46590909090911,42.595,2.657506746042798,47.9100134920856,37.2799865079144
SUZLON,BE,30-May-2024,46.1,46.3,46.9,44.5,45.5,45.4,45.77,"3,12,88,700","1,43,20,23,642.75","85,891",-,-,1432023642.75,85891,45.005,41.445,2.3999999999999986,16672.569218544435,65.27777777777779,42.779999999999994,2.719974845084887,48.21994969016977,37.34005030983022
SUZLON,BE,31-May-2024,45.4,45.7,47.65,44.3,47.65,47.65,47.13,"11,56,65,511","5,45,10,48,603.00","1,13,432",-,-,5451048603.0,113432,45.51,41.61,3.3500000000000014,48055.65098913887,72.3514211886305,43.095000000000006,2.9042120047305193,48.90342400946105,37.286575990538964
SUZLON,BE,03-Jun-2024,47.65,50.0,50.0,50.0,50.0,50.0,50.0,"6,28,76,628","3,14,38,31,400.00","83,133",-,-,3143831400.0,83133,46.26,41.839,0.0,37816.88860019487,73.90243902439025,43.555,3.2317055949809808,50.01841118996196,37.09158881003804
SUZLON,BE,04-Jun-2024,50.0,52.1,52.1,47.5,47.5,47.5,48.57,"12,38,54,100","6,01,55,78,288.50","1,80,429",-,-,6015578288.5,180429,46.605000000000004,42.04599999999999,4.600000000000001,33340.41805086765,62.61904761904762,43.9425,3.2160483679918346,50.37459673598367,37.51040326401633
SUZLON,BE,05-Jun-2024,47.5,45.15,49.8,45.15,48.35,48.45,47.13,"8,12,72,335","3,83,06,35,596.65","1,21,561",-,-,3830635596.65,121561,46.85,42.28900000000001,4.649999999999999,31512.044131341467,63.23185011709604,44.3675,3.222302013026971,50.812104026053944,37.922895973946055
SUZLON,BE,06-Jun-2024,48.45,49.45,50.5,48.5,49.8,49.8,49.61,"4,91,63,158","2,43,90,81,681.20","1,11,804",-,-,2439081681.2,111804,47.0,42.538999999999994,2.0,21815.692472541232,66.0,44.877500000000005,3.2351879063623863,51.34787581272478,38.40712418727523
SUZLON,BE,07-Jun-2024,49.8,50.0,50.45,49.0,49.8,49.9,49.74,"3,03,36,425","1,50,88,64,015.00","90,338",-,-,1508864015.0,90338,47.395,42.79,1.4500000000000028,16702.42882286524,66.44444444444446,45.377500000000005,3.197962961834126,51.773425923668256,38.98157407633175
SUZLON,EQ,10-Jun-2024,49.9,47.4,48.63,47.4,47.4,47.4,47.74,"9,02,20,734","4,30,68,97,324.26","1,58,455","5,32,66,166",59.04,4306897324.26,158455,47.614999999999995,42.996,1.230000000000004,27180.570662080718,57.14285714285715,45.7975,2.848844410227405,51.49518882045481,40.09981117954519
SUZLON,EQ,11-Jun-2024,47.4,47.4,49.29,47.02,48.25,48.26,48.21,"4,75,83,387","2,29,42,24,004.94","1,22,903","3,09,67,657",65.08,2294224004.94,122903,48.046,43.1912,2.269999999999996,18666.948772121104,55.05366726296958,46.2005,2.5719754337043454,51.34445086740869,41.05654913259131
SUZLON,EQ,12-Jun-2024,48.26,48.51,50.5,48.4,50.41,50.28,49.88,"8,74,22,931","4,36,06,33,193.58","1,69,493","6,12,39,092",70.05,4360633193.58,169493,48.464000000000006,43.3888,2.1000000000000014,25727.51201276749,54.48369565217392,46.604499999999994,2.5449650499098904,51.694430099819776,41.51456990018021
SUZLON,EQ,13-Jun-2024,50.28,50.5,50.5,49.29,49.61,49.87,49.98,"4,84,65,602","2,42,23,39,280.18","94,681","3,06,04,061",63.15,2422339280.18,94681,48.911,43.559200000000004,1.2100000000000009,25584.21732110983,59.73187686196622,46.958,2.4788592452768294,51.91571849055366,42.00028150944634
SUZLON,EQ,14-Jun-2024,49.87,50.0,51.19,49.1,49.44,49.48,50.23,"8,50,29,862","4,27,13,24,085.80","1,28,952","4,17,58,431",49.11,4271324085.8,128952,49.094,43.6988,2.0899999999999963,33123.36439760531,60.81900910010109,47.302,2.3141637116267697,51.93032742325354,42.67367257674646
SUZLON,EQ,18-Jun-2024,49.48,49.6,50.29,48.85,49.91,49.96,49.89,"4,98,74,657","2,48,80,99,526.38","1,15,219","3,86,10,400",77.41,2488099526.38,115219,49.089999999999996,43.828,1.4399999999999977,21594.524569558842,65.80746975276169,47.675,2.089760751856452,51.8545215037129,43.49547849628709
SUZLON,EQ,19-Jun-2024,49.96,50.19,50.28,48.75,48.93,48.9,49.15,"2,61,39,387","1,28,47,11,773.16","91,058","1,91,23,147",73.16,1284711773.16,91058,49.230000000000004,43.946999999999996,1.5300000000000011,14108.719422346197,57.81249999999998,47.917500000000004,1.9216053458665205,51.760710691733046,44.07428930826696
SUZLON,EQ,20-Jun-2024,48.9,51.34,51.34,49.55,50.5,50.53,50.76,"9,90,70,183","5,02,88,32,042.82","1,16,174","5,06,73,818",51.15,5028832042.82,116174,49.438,44.1046,1.7900000000000063,43287.06976449119,63.607427055702914,48.144,1.9504531187446363,52.04490623748927,44.243093762510725
SUZLON,EQ,21-Jun-2024,50.53,51.2,53.05,51.0,53.05,53.05,52.5,"14,36,78,671","7,54,36,76,224.47","2,01,219","9,83,68,394",68.46,7543676224.47,201219,49.763,44.33560000000001,2.049999999999997,37489.88030190986,64.12133891213388,48.3815,2.238390575485134,52.85828115097027,43.904718849029734
SUZLON,EQ,24-Jun-2024,53.05,55.45,55.7,54.15,54.86,54.7,55.24,"14,94,19,809","8,25,32,49,640.80","2,25,348","8,62,28,543",57.71,8253249640.8,225348,50.242999999999995,44.611599999999996,1.5500000000000043,36624.46367751212,62.757871878393054,48.819,2.568847581063627,53.956695162127254,43.68130483787275
SUZLON,EQ,25-Jun-2024,54.7,55.15,55.5,53.32,53.54,53.6,54.63,"6,37,23,030","3,48,14,78,826.62","1,44,077","3,92,81,069",61.64,3481478826.62,144077,50.863,44.840599999999995,2.1799999999999997,24164.015260034565,67.92009400705052,49.239,2.6319232511605644,54.50284650232113,43.97515349767887
SUZLON,EQ,26-Jun-2024,53.6,53.6,54.37,52.3,52.72,52.76,53.25,"5,24,38,770","2,79,23,42,379.95","1,33,872","3,34,37,000",63.76,2792342379.95,133872,51.313,45.0528,2.0700000000000003,20858.30031634696,62.74393849793019,49.679500000000004,2.429603552238969,54.53870710447794,44.820292895522066
SUZLON,EQ,27-Jun-2024,52.76,53.05,54.0,51.5,53.4,53.28,53.04,"5,25,02,181","2,78,48,00,497.46","1,14,862","3,39,83,551",64.73,2784800497.46,114862,51.613,45.3034,2.5,24244.750199892045,60.82089552238806,50.0385,2.4031739429345467,54.84484788586909,45.232152114130905
SUZLON,EQ,28-Jun-2024,53.28,53.9,54.0,52.71,52.8,52.86,53.14,"3,87,44,898","2,05,89,34,259.21","1,07,590","2,60,90,585",67.34,2058934259.21,107590,51.912,45.550599999999996,1.2899999999999991,19136.855276605635,59.02439024390243,50.411500000000004,2.2170660436948713,54.845632087389745,45.97736791261026
SUZLON,EQ,01-Jul-2024,52.86,53.2,53.28,52.59,52.9,52.93,52.87,"2,54,23,991","1,34,40,66,087.06","85,273","1,66,21,430",65.38,1344066087.06,85273,52.257000000000005,45.7862,0.6899999999999977,15761.918626763454,69.79241231209731,50.6755,2.1850604592381133,55.045620918476224,46.305379081523775
SUZLON,EQ,02-Jul-2024,52.93,53.0,53.38,52.43,53.1,53.03,52.94,"2,45,02,330","1,29,70,78,493.79","82,099","1,72,66,231",70.47,1297078493.79,82099,52.564,46.059799999999996,0.9500000000000028,15798.956062680421,68.05450416351246,50.827,2.24010831505029,55.30721663010058,46.34678336989942
SUZLON,EQ,03-Jul-2024,53.03,53.1,53.95,53.0,53.56,53.53,53.4,"2,99,07,631","1,59,70,18,609.25","86,250","1,88,31,403",62.97,1597018609.25,86250,53.027,46.3134,0.9500000000000028,18516.1577884058,63.90076988879381,51.128499999999995,2.173559474565449,55.47561894913089,46.7813810508691
SUZLON,EQ,04-Jul-2024,53.53,53.6,55.67,53.37,54.0,54.03,54.32,"6,31,99,465","3,43,30,30,061.51","1,15,170","3,15,02,362",49.85,3433030061.51,115170,53.376999999999995,46.556999999999995,2.3000000000000043,29808.37076938439,67.65704584040745,51.407500000000006,2.169772908320996,55.747045816642,47.06795418335801
SUZLON,EQ,05-Jul-2024,54.03,54.37,56.49,53.8,55.68,55.49,55.66,"9,69,09,661","5,39,35,12,983.56","1,57,076","6,02,24,205",62.14,5393512983.56,157076,53.621,46.830799999999996,2.690000000000005,34336.96416740941,73.38521400778208,51.69199999999999,2.316011998878007,56.32402399775601,47.05997600224398
SUZLON,EQ,08-Jul-2024,55.49,55.95,56.0,54.5,55.17,55.2,55.5,"5,45,88,551","3,02,94,19,067.14","1,37,508","3,63,64,784",66.62,3029419067.14,137508,53.67100000000001,47.09179999999999,1.5,22030.85687480001,70.695102685624,51.956999999999994,2.4018043655813943,56.76060873116278,47.153391268837204
SUZLON,EQ,09-Jul-2024,55.2,55.3,55.84,53.86,55.38,55.37,54.85,"3,38,58,415","1,85,70,44,526.95","1,02,904","1,99,70,840",58.98,1857044526.95,102904,53.848,47.3662,1.980000000000004,18046.37843961362,77.48513169073914,52.35549999999999,2.2631009815364167,56.88170196307283,47.829298036927156
SUZLON,EQ,10-Jul-2024,55.37,55.67,56.0,53.9,54.76,54.89,54.98,"3,77,27,227","2,07,42,20,112.62","86,432","2,47,64,649",65.64,2074220112.62,86432,54.061,47.632,2.1000000000000014,23998.28897422251,70.52730696798491,52.687,2.1121655138492907,56.91133102769858,48.462668972301415
SUZLON,EQ,11-Jul-2024,54.89,55.0,55.0,54.2,54.9,54.72,54.66,"2,60,61,094","1,42,45,98,035.25","90,815","1,65,97,124",63.69,1424598035.25,90815,54.205,47.8944,0.7999999999999972,15686.814240488906,60.09673518742442,52.909000000000006,2.078934190497753,57.066868380995516,48.7511316190045
SUZLON,EQ,12-Jul-2024,54.72,55.0,55.43,53.65,54.68,54.63,54.42,"3,74,99,020","2,04,08,27,348.91","1,14,420","2,32,32,428",61.95,2040827348.91,114420,54.382000000000005,48.153,1.7800000000000011,17836.281671997902,49.478390461997016,53.147000000000006,1.9829645536549867,57.11292910730998,49.18107089269003
SUZLON,EQ,15-Jul-2024,54.63,55.0,55.0,54.02,54.5,54.62,54.43,"2,71,41,448","1,47,74,07,738.02","87,348","1,56,63,067",57.71,1477407738.02,87348,54.551,48.4184,0.9799999999999969,16914.0419702798,59.07473309608537,53.403999999999996,1.808062062278868,57.02012412455773,49.78787587544226
SUZLON,EQ,16-Jul-2024,54.62,54.9,56.0,54.43,55.72,55.88,55.36,"7,65,77,863","4,23,93,95,874.08","1,14,996","3,86,74,934",50.50,4239395874.08,114996,54.836,48.72,1.5700000000000003,36865.594230060175,75.82781456953643,53.7,1.69565699113306,57.09131398226612,50.30868601773388
SUZLON,EQ,18-Jul-2024,55.88,55.5,55.72,53.82,55.33,55.39,55.18,"6,81,96,637","3,76,28,89,026.37","1,20,328","4,31,38,693",63.26,3762889026.37,120328,55.022000000000006,49.032799999999995,1.8999999999999986,31271.931939116414,67.55407653910147,54.0245,1.3046454448782498,56.633790889756504,51.4152091102435
SUZLON,EQ,19-Jul-2024,55.39,55.38,55.87,53.82,54.5,54.55,54.67,"5,21,78,598","2,85,27,46,566.80","1,19,180","3,58,16,764",68.64,2852746566.8,119180,55.074,49.3248,2.049999999999997,23936.453824467193,63.14152410575424,54.2255,1.0155759320127984,56.25665186402559,52.1943481359744
SUZLON,EQ,22-Jul-2024,54.55,54.66,55.44,53.5,55.24,55.08,54.41,"4,78,05,246","2,60,10,25,304.21","1,14,482","2,67,48,019",55.95,2601025304.21,114482,55.032999999999994,49.6344,1.9399999999999977,22719.949897887876,65.60232220609575,54.327,0.9931030582019049,56.313206116403805,52.34079388359619
SUZLON,EQ,23-Jul-2024,55.08,57.2,57.83,54.0,57.83,57.83,57.54,"28,18,87,693","16,21,89,30,583.71","2,94,599","11,53,09,645",40.91,16218930583.71,294599,55.29600000000001,49.993,3.8299999999999983,55054.26217913163,75.15723270440249,54.48349999999999,1.2645126999838703,57.012525399967735,51.95447460003225
SUZLON,EQ,24-Jul-2024,57.83,59.7,60.72,59.63,60.72,60.72,60.56,"9,07,57,700","5,49,59,32,089.21","83,560","5,06,27,721",55.78,5495932089.21,83560,55.830999999999996,50.427400000000006,1.0899999999999963,65772.28445679751,80.13411567476946,54.8395,1.8632102319439119,58.56592046388783,51.113079536112174
SUZLON,EQ,25-Jul-2024,60.72,62.29,63.75,60.8,62.01,61.47,62.73,"17,03,25,709","10,68,48,66,841.47","4,18,872","8,18,87,881",48.08,10684866841.47,418872,56.489,50.852799999999995,2.950000000000003,25508.66814079241,80.54187192118223,55.275,2.314775196541931,59.90455039308386,50.64544960691614
SUZLON,EQ,26-Jul-2024,61.47,62.68,63.0,61.0,62.1,61.89,62.19,"6,78,58,407","4,22,00,83,672.75","2,19,514","3,39,48,337",50.03,4220083672.75,219514,57.205999999999996,51.2466,2.0,19224.667550816805,78.72531418312386,55.70550000000001,2.6938242723915238,61.093148544783055,50.31785145521696
SUZLON,EQ,29-Jul-2024,61.89,62.95,64.98,62.38,64.98,64.98,63.91,"9,78,86,927","6,25,57,96,685.57","1,96,733","5,29,10,550",54.05,6255796685.57,196733,58.241,51.6902,2.6000000000000014,31798.41046275917,85.07890961262551,56.3115,3.3122726734309307,62.93604534686186,49.686954653138145
SUZLON,EQ,30-Jul-2024,64.98,65.81,68.22,65.63,68.22,68.22,67.78,"11,44,89,676","7,76,05,49,782.89","1,68,121","4,77,12,332",41.67,7760549782.89,168121,59.601,52.202600000000004,2.5900000000000034,46160.50215553084,87.77189888300997,57.076,4.14944815608044,65.37489631216089,48.77710368783912
SUZLON,EQ,31-Jul-2024,68.22,70.11,70.89,68.28,69.39,69.38,69.68,"13,15,39,602","9,16,50,64,060.56","4,07,603","7,20,66,464",54.79,9165064060.56,407603,60.951,52.740199999999994,2.6099999999999994,22485.271356098947,90.95534200113055,57.8935,4.8601096749590855,67.61371934991817,48.173280650081836
SUZLON,EQ,01-Aug-2024,69.38,69.93,70.99,66.22,68.35,67.98,68.63,"13,48,24,650","9,25,24,22,941.19","4,18,582","6,99,82,021",51.91,9252422941.19,418582,62.21,53.218799999999995,4.769999999999996,22104.20644268029,85.04228329809726,58.616,5.236762157548894,69.08952431509779,48.14247568490221
SUZLON,EQ,02-Aug-2024,67.98,67.8,71.37,67.05,71.37,71.35,70.37,"13,10,96,033","9,22,49,11,716.14","2,66,186","7,05,84,217",53.84,9224911716.14,266186,63.89,53.7258,4.320000000000007,34655.88617034705,87.65765765765764,59.48199999999999,5.836248434523067,71.15449686904613,47.80950313095386
SUZLON,EQ,05-Aug-2024,71.35,69.9,71.64,67.78,67.79,67.85,69.03,"20,99,04,382","14,48,99,38,156.47","5,45,115","8,88,69,401",42.34,14489938156.47,545115,65.167,54.116800000000005,3.8599999999999994,26581.43356258771,75.74931880108991,60.1,6.042058728960665,72.18411745792133,48.01588254207867
SUZLON,EQ,06-Aug-2024,67.85,68.75,70.85,65.6,66.85,66.27,68.45,"9,66,65,562","6,61,66,71,514.88","3,02,188","4,53,07,581",46.87,6616671514.88,302188,66.011,54.523199999999996,5.25,21895.877780984025,69.97308727412533,60.65350000000001,6.076506332632719,72.80651266526544,48.50048733473457
SUZLON,EQ,07-Aug-2024,66.27,69.0,69.58,68.11,69.58,69.58,69.13,"6,55,76,822","4,53,30,99,116.44","1,44,175","3,94,09,786",60.10,4533099116.44,144175,66.897,55.010799999999996,1.4699999999999989,31441.64464324605,74.60978147762748,61.364,6.254368915111658,73.87273783022331,48.85526216977668
SUZLON,EQ,08-Aug-2024,69.58,71.0,73.05,70.58,73.05,72.92,72.68,"21,29,56,025","15,47,66,70,516.36","3,49,921","8,00,29,932",37.58,15476670516.36,349921,68.042,55.5902,2.469999999999999,44229.04174473667,79.31694861155444,62.265499999999996,6.5638559551531275,75.39321191030625,49.13778808969374
SUZLON,EQ,09-Aug-2024,72.92,74.6,76.56,73.0,76.56,76.54,75.33,"14,26,11,445","10,74,25,56,932.79","3,50,879","5,91,31,966",41.46,10742556932.79,350879,69.507,56.199,3.5600000000000023,30616.129585384137,81.17373619988382,63.356500000000004,7.03981554408466,77.43613108816932,49.27686891183068
SUZLON,EQ,12-Aug-2024,76.54,77.15,80.36,74.65,80.36,80.36,78.86,"13,12,56,497","10,35,06,16,275.45","3,74,097","4,99,16,661",38.03,10350616275.45,374097,71.045,56.8982,5.709999999999994,27668.268591969463,81.74133558748946,64.643,7.6828127387660885,80.00862547753218,49.277374522467824
SUZLON,EQ,13-Aug-2024,80.36,81.97,84.29,78.35,80.89,80.79,82.02,"19,37,25,637","15,88,90,33,593.20","7,01,298","9,11,62,699",47.06,15889033593.2,701298,72.30199999999999,57.56100000000001,5.940000000000012,22656.60759505945,80.3814713896458,65.9515,8.10298273542067,82.15746547084133,49.74553452915866
SUZLON,EQ,14-Aug-2024,80.79,82.19,82.41,76.75,76.75,76.77,77.67,"14,19,60,840","11,02,64,74,985.90","4,62,825","6,06,38,972",42.72,11026474985.9,462825,73.041,58.0964,5.659999999999997,23824.285606654783,71.07438016528926,66.99600000000001,8.082774015736971,83.16154803147396,50.83045196852606
SUZLON,EQ,16-Aug-2024,76.77,77.95,80.5,74.12,79.73,79.95,77.82,"15,56,13,726","12,10,97,19,620.07","5,00,983","5,63,54,648",36.21,12109719620.07,500983,74.238,58.7454,6.3799999999999955,24171.917250824878,73.11827956989248,68.224,8.09236378192098,84.40872756384196,52.03927243615804
SUZLON,EQ,19-Aug-2024,79.95,80.64,82.45,79.21,80.8,80.71,81.13,"9,65,52,950","7,83,32,46,819.60","3,98,118","4,36,58,358",45.22,7833246819.6,398118,75.174,59.39059999999999,3.240000000000009,19675.691175983,71.41301388510753,69.532,7.87716660254241,85.28633320508482,53.77766679491518
SUZLON,EQ,20-Aug-2024,80.71,81.31,81.58,78.5,79.24,79.43,79.55,"5,44,49,596","4,33,15,16,831.52","2,48,672","2,77,27,570",50.92,4331516831.52,248672,76.33200000000001,59.9832,3.0799999999999983,17418.59490220049,66.12021857923499,70.7495,7.392774904558684,85.53504980911737,55.96395019088263
SUZLON,EQ,21-Aug-2024,79.43,79.4,80.15,78.61,78.81,78.85,79.19,"3,88,69,576","3,07,82,67,876.58","1,81,380","2,09,23,760",53.83,3078267876.58,181380,77.59,60.562200000000004,1.5400000000000063,16971.374333333333,63.84907867797602,71.8005,6.9396719738948835,85.67984394778976,57.921156052210236
SUZLON,EQ,22-Aug-2024,78.85,79.23,79.59,77.3,77.7,77.57,78.04,"4,15,19,353","3,24,02,45,838.99","2,13,888","2,33,77,433",56.30,3240245838.99,213888,78.389,61.1656,2.2900000000000063,15149.264283129487,64.0739653654241,72.643,6.534666342708343,85.71233268541668,59.57366731458332
SUZLON,EQ,23-Aug-2024,77.57,77.7,80.5,77.7,78.78,78.84,79.29,"6,74,10,388","5,34,46,75,246.54","2,24,913","3,39,13,193",50.31,5344675246.54,224913,78.98100000000001,61.7772,2.799999999999997,23763.30068310858,61.71410697528933,73.5115,6.11218134461606,85.73586268923212,61.287137310767875
SUZLON,EQ,26-Aug-2024,78.84,79.34,79.79,75.66,76.9,76.4,77.33,"5,79,18,809","4,47,91,08,484.79","2,49,396","3,59,65,007",62.10,4479108484.79,249396,78.967,62.2996,4.13000000000001,17959.824876060564,63.83047557424782,74.237,5.489576821960816,85.21615364392163,63.25784635607836
SUZLON,EQ,27-Aug-2024,76.4,77.24,78.3,76.6,77.52,77.5,77.62,"3,26,22,346","2,53,22,94,354.18","1,66,251","1,76,13,312",53.99,2532294354.18,166251,78.681,62.8522,1.7000000000000028,15231.754119854917,68.4521853434111,74.86299999999999,5.076733408921728,85.01646681784344,64.70953318215653
SUZLON,EQ,28-Aug-2024,77.5,77.95,79.73,77.66,78.67,78.96,78.62,"4,77,24,768","3,75,21,95,859.87","1,60,835","2,61,43,717",54.78,3752195859.87,160835,78.498,63.4418,2.0700000000000074,23329.473434700158,66.41007697690691,75.4,4.902093000899977,85.20418600179995,65.59581399820006
SUZLON,EQ,29-Aug-2024,78.96,78.67,78.69,76.2,77.15,77.0,77.14,"4,19,38,870","3,23,51,59,855.91","1,83,540","2,44,58,371",58.32,3235159855.91,183540,78.521,63.982600000000005,2.489999999999995,17626.45666290727,57.49999999999999,75.78099999999999,4.7016020785751325,85.18420415715026,66.37779584284972
SUZLON,EQ,30-Aug-2024,77.0,77.3,77.58,75.12,75.7,75.84,76.1,"6,39,34,257","4,86,53,63,822.71","1,90,152","4,28,62,263",67.04,4865363822.71,190152,78.10999999999999,64.5214,2.4599999999999937,25586.708647345284,48.58528698464025,76.174,4.328942255635945,84.8318845112719,67.51611548872812
SUZLON,EQ,02-Sep-2024,75.84,75.84,76.1,72.5,73.7,73.81,73.59,"7,19,66,033","5,29,61,92,677.14","2,94,970","4,39,47,954",61.07,5296192677.14,294970,77.42,64.987,3.5999999999999943,17955.02145011357,35.72984749455338,76.297,4.2181938015419895,84.73338760308397,67.86061239691603
SUZLON,EQ,03-Sep-2024,73.81,73.81,76.37,73.54,74.65,74.47,75.4,"4,93,47,993","3,72,10,00,569.51","2,07,231","2,63,37,469",53.37,3721000569.51,207231,76.924,65.4154,2.8299999999999983,17955.81051826223,36.367558239861935,76.628,3.7547508151952456,84.13750163039049,69.11849836960951
SUZLON,EQ,04-Sep-2024,74.47,74.4,74.9,73.3,74.26,74.16,74.06,"2,83,21,394","2,09,73,57,418.97","1,51,461","1,51,55,261",53.51,2097357418.97,151461,76.45500000000001,65.8046,1.6000000000000085,13847.508064584283,43.29738058551617,77.0225,2.9339678091727572,82.8904356183455,71.15456438165448
SUZLON,EQ,05-Sep-2024,74.16,75.7,77.09,74.66,76.25,76.0,75.84,"5,64,83,144","4,28,37,54,863.41","2,10,466","3,09,47,785",54.79,4283754863.41,210466,76.298,66.2526,2.430000000000007,20353.66692677202,39.10645339216766,77.34349999999999,2.3747471333527796,82.09299426670555,72.59400573329444
SUZLON,EQ,06-Sep-2024,76.0,76.75,77.35,74.51,74.95,74.72,75.3,"4,36,35,971","3,28,59,40,537.87","1,68,512","2,38,20,539",54.59,3285940537.87,168512,75.886,66.6918,2.839999999999989,19499.74208287837,33.94101876675603,77.4335,2.2278435998206834,81.88918719964136,72.97781280035863
SUZLON,EQ,09-Sep-2024,74.72,75.28,77.28,72.82,74.37,74.34,75.06,"8,72,47,821","6,54,90,73,335.15","2,47,730","3,30,82,455",37.92,6549073335.15,247730,75.67999999999999,67.113,4.460000000000008,26436.335264804424,35.661971830985905,77.3235,2.3264141709368236,81.97632834187364,72.67067165812635
SUZLON,EQ,10-Sep-2024,74.34,75.83,78.05,75.34,78.05,78.05,77.78,"14,47,59,489","11,25,91,81,540.33","1,95,707","6,89,47,923",47.63,11259181540.33,195707,75.735,67.6168,2.7099999999999937,57530.80646236466,48.08429118773947,77.208,2.2227593093646574,81.65351861872931,72.76248138127069
SUZLON,EQ,11-Sep-2024,78.05,79.34,81.95,79.1,81.95,81.95,81.59,"12,14,04,214","9,90,54,51,905.17","1,53,181","6,54,59,125",53.92,9905451905.17,153181,76.03399999999999,68.1972,2.8500000000000085,64665.01658280074,59.31914893617024,77.266,2.333520944838256,81.93304188967652,72.5989581103235
SUZLON,EQ,12-Sep-2024,81.95,86.0,86.04,80.41,81.64,81.7,83.54,"18,60,25,037","15,53,96,81,530.07","3,83,720","7,56,83,616",40.68,15539681530.07,383720,76.50399999999999,68.7706,5.63000000000001,40497.45004187949,56.361209964412815,77.5125,2.5304480048524964,82.573396009705,72.45160399029501
SUZLON,EQ,13-Sep-2024,81.7,82.14,84.5,80.8,83.0,83.11,83.07,"8,27,50,388","6,87,39,61,670.53","2,67,535","3,74,57,065",45.27,6873961670.53,267535,77.23100000000001,69.36219999999999,3.700000000000003,25693.691182574243,65.64102564102565,77.6705,2.7772714269487926,83.22504285389759,72.11595714610242
SUZLON,EQ,16-Sep-2024,83.11,83.88,85.85,83.66,84.64,84.7,84.98,"6,79,45,786","5,77,37,69,437.33","3,02,214","3,38,16,337",49.77,5773769437.33,302214,78.32000000000001,69.9756,2.1899999999999977,19104.903933404807,66.40838650866,77.87,3.1282313819387118,84.12646276387743,71.61353723612258
SUZLON,EQ,17-Sep-2024,84.7,85.18,85.4,80.57,81.9,82.0,82.3,"6,10,29,140","5,02,27,04,229.46","2,38,154","3,36,60,561",55.15,5022704229.46,238154,79.07300000000001,70.5058,4.8300000000000125,21090.152714042175,56.557377049180346,77.9985,3.246243618642593,84.4909872372852,71.50601276271482
SUZLON,EQ,18-Sep-2024,82.0,82.2,82.98,80.52,80.7,80.82,81.58,"3,76,68,180","3,07,29,64,476.20","1,85,641","1,99,32,194",52.92,3072964476.2,185641,79.739,71.0182,2.460000000000008,16553.263967550272,58.5267857142857,78.09700000000001,3.302834667691386,84.70266933538278,71.49133066461724
SUZLON,EQ,19-Sep-2024,80.82,81.89,83.0,78.0,81.16,80.97,79.98,"6,04,46,356","4,83,44,50,769.09","2,26,713","3,11,08,129",51.46,4834450769.09,226713,80.236,71.53020000000001,5.0,21324.100378407944,61.9915848527349,78.267,3.3612655824537687,84.98953116490753,71.54446883509246
SUZLON,EQ,20-Sep-2024,80.97,82.24,84.0,81.31,83.58,83.45,82.76,"7,43,13,107","6,15,01,41,951.98","2,26,147","4,78,93,675",64.45,6150141951.98,226147,81.109,72.1014,2.6899999999999977,27195.328489787615,72.06959706959705,78.4975,3.555104373328856,85.60770874665772,71.38729125334228
SUZLON,EQ,23-Sep-2024,83.45,84.19,84.99,82.7,82.75,82.89,83.24,"3,53,07,207","2,93,89,89,322.75","1,59,641","2,05,63,001",58.24,2938989322.75,159641,81.96400000000001,72.6648,2.289999999999992,18409.99068378424,69.36522539098435,78.822,3.6485405878311714,86.11908117566234,71.52491882433766
SUZLON,EQ,24-Sep-2024,82.89,83.0,84.2,82.32,83.65,83.79,83.25,"3,44,14,038","2,86,49,04,927.57","1,29,912","1,87,66,208",54.53,2864904927.57,129912,82.538,73.248,1.8800000000000097,22052.65816529651,71.56291983878191,79.1365,3.79667621257814,86.72985242515628,71.54314757484372
SUZLON,EQ,25-Sep-2024,83.79,83.7,83.7,82.5,82.89,82.96,82.94,"2,70,40,040","2,24,26,38,654.32","1,10,965","1,57,22,718",58.15,2242638654.32,110965,82.63900000000001,73.8148,1.2000000000000028,20210.324465552203,66.3227016885553,79.3365,3.891071121642857,87.11864224328572,71.55435775671428
SUZLON,EQ,26-Sep-2024,82.96,82.95,83.36,81.5,81.68,81.84,82.03,"2,49,29,699","2,04,50,07,180.66","1,24,885","1,61,28,903",64.70,2045007180.66,124885,82.65299999999999,74.334,1.8599999999999994,16375.122558033392,66.82419659735349,79.5785,3.8886153333191893,87.35573066663838,71.80126933336163
SUZLON,EQ,27-Sep-2024,81.84,81.75,82.77,80.5,81.2,81.09,81.32,"4,25,23,359","3,45,80,16,896.48","1,70,146","2,41,39,327",56.77,3458016896.48,170146,82.451,74.848,2.269999999999996,20323.821285719325,65.67580120761725,79.841,3.799136882586672,87.43927376517334,72.24272623482665
SUZLON,EQ,30-Sep-2024,81.09,80.8,81.58,79.37,80.24,80.05,80.17,"4,23,76,466","3,39,72,90,737.67","1,62,650","2,61,30,147",61.66,3397290737.67,162650,81.98599999999999,75.358,2.2099999999999937,20887.12411724562,55.30222693531282,80.15299999999999,3.5240468662871494,87.2010937325743,73.10490626742569
SUZLON,EQ,01-Oct-2024,80.05,80.3,81.53,79.5,79.85,79.74,80.32,"2,74,94,973","2,20,82,61,348.67","1,13,280","1,48,46,826",54.00,2208261348.67,113280,81.75999999999999,75.8512,2.030000000000001,19493.83252710099,42.76358873608381,80.4165,3.2641969674184907,86.94489393483698,73.88810606516302
SUZLON,EQ,03-Oct-2024,79.74,76.74,78.6,75.75,75.75,75.75,76.57,"7,97,66,127","6,10,73,86,128.55","3,40,696","4,51,93,358",56.66,6107386128.55,340696,81.253,76.2096,2.8499999999999943,17926.204383233147,34.35034192530249,80.49600000000001,3.119975371022707,86.73595074204542,74.2560492579546
SUZLON,EQ,04-Oct-2024,75.75,74.85,76.65,72.22,74.74,74.67,74.56,"7,79,74,009","5,81,36,57,566.98","2,90,750","3,66,17,846",46.96,5813657566.98,290750,80.623,76.48859999999999,4.430000000000007,19995.382861496128,27.40899357601718,80.4295,3.2329756132374823,86.89545122647498,73.96354877352503
SUZLON,EQ,07-Oct-2024,74.67,75.64,76.49,70.93,70.93,70.93,71.82,"7,68,07,728","5,51,61,45,052.76","2,54,221","3,95,44,356",51.48,5516145052.76,254221,79.37100000000001,76.67779999999999,5.559999999999988,21698.227340620957,16.946711473835876,80.24000000000001,3.6671687056622124,87.57433741132444,72.90566258867558
SUZLON,EQ,08-Oct-2024,70.93,68.1,74.2,66.1,73.88,73.64,71.3,"13,58,96,990","9,68,96,57,929.11","3,62,017","6,18,57,622",45.52,9689657929.11,362017,78.446,76.9128,8.100000000000009,26765.753898601448,29.94241842610367,80.205,3.729257722106845,87.66351544421369,72.74648455578631
SUZLON,EQ,09-Oct-2024,73.64,74.59,80.6,74.55,77.1,76.69,78.05,"13,61,34,618","10,62,50,28,549.00","3,46,457","4,44,13,326",32.62,10625028549.0,346457,77.736,77.14699999999999,6.049999999999997,30667.668856452605,40.907089387934846,80.137,3.782637759692491,87.70227551938498,72.57172448061502
SUZLON,EQ,10-Oct-2024,76.69,77.5,77.89,74.67,75.59,75.44,75.78,"7,10,16,473","5,38,15,31,643.91","2,21,525","3,44,39,845",48.50,5381531643.91,221525,76.98400000000001,77.2914,3.219999999999999,24293.112036609862,38.38723225535489,79.8115,3.8967898731889905,87.60507974637798,72.01792025362201
SUZLON,EQ,11-Oct-2024,75.44,75.75,76.07,74.25,74.45,74.39,74.95,"3,27,99,505","2,45,84,03,560.42","1,53,998","1,68,68,759",51.43,2458403560.42,153998,76.239,77.39160000000001,1.8199999999999932,15963.866806192289,29.758713136729213,79.446,4.05013891899484,87.54627783798968,71.34572216201032
SUZLON,EQ,14-Oct-2024,74.39,74.65,75.0,73.75,74.18,74.01,74.21,"2,49,79,009","1,85,37,17,158.47","1,28,548","1,40,99,413",56.45,1853717158.47,128548,75.53099999999999,77.5122,1.25,14420.427843840433,30.0,78.991,4.127275002633968,87.24555000526793,70.73644999473207
SUZLON,EQ,15-Oct-2024,74.01,74.1,74.24,72.15,73.75,73.71,73.12,"4,24,18,804","3,10,15,07,677.24","1,97,642","2,47,01,835",58.23,3101507677.24,197642,74.897,77.5594,2.089999999999989,15692.553593062203,26.66666666666663,78.44149999999999,4.058200631858884,86.55790126371775,70.32509873628223
SUZLON,EQ,16-Oct-2024,73.71,73.71,75.65,73.52,74.94,75.05,74.78,"4,71,56,496","3,52,63,04,269.17","1,43,098","2,00,11,138",42.44,3526304269.17,143098,74.428,77.7034,2.1300000000000097,24642.582490111672,32.112166440524646,78.094,4.03494655283181,86.16389310566362,70.02410689433637
SUZLON,EQ,17-Oct-2024,75.05,75.39,75.45,72.4,73.05,73.01,73.71,"3,21,94,681","2,37,29,25,826.19","1,39,635","1,71,36,891",53.23,2372925826.19,139635,74.15400000000001,77.8382,3.049999999999997,16993.775387188027,30.82935301780286,77.70349999999999,4.133949653399381,85.97139930679876,69.43560069320122
SUZLON,EQ,18-Oct-2024,73.01,72.9,73.35,71.1,72.32,72.19,72.46,"3,60,18,706","2,60,99,63,909.51","1,24,626","1,77,16,974",49.19,2609963909.51,124626,73.90599999999999,77.8904,2.25,20942.37084966219,30.735930735930722,77.2645,4.233795702750704,85.73209140550141,68.79690859449859
SUZLON,EQ,21-Oct-2024,72.19,72.49,72.77,70.3,70.6,70.63,71.29,"2,70,26,007","1,92,66,92,401.43","1,57,417","1,52,33,520",56.37,1926692401.43,157417,73.876,77.8446,2.469999999999999,12239.417606929366,30.0592718035563,76.6235,4.21846851107675,85.06043702215351,68.1865629778465
SUZLON,EQ,22-Oct-2024,70.63,70.59,71.3,67.5,68.5,68.56,68.85,"6,77,32,028","4,66,35,44,168.97","2,81,410","3,54,35,846",52.32,4663544168.97,281410,73.36800000000001,77.685,3.799999999999997,16572.062716214776,27.97478329393222,75.90700000000001,4.313977405206279,84.53495481041257,67.27904518958745
SUZLON,EQ,23-Oct-2024,68.56,67.3,69.94,66.1,68.85,68.85,68.51,"5,52,15,451","3,78,28,35,482.63","2,02,682","2,15,00,065",38.94,3782835482.63,202682,72.58399999999999,77.45479999999999,3.8400000000000034,18663.894586741793,34.086715867158645,75.16,4.168156224973842,83.49631244994768,66.82368755005231
SUZLON,EQ,24-Oct-2024,68.85,69.08,71.14,68.4,69.08,69.15,69.69,"3,50,58,205","2,44,31,59,524.33","1,24,737","1,41,44,764",40.35,2443159524.33,124737,71.95500000000001,77.222,2.739999999999995,19586.486161523844,36.79425837320574,74.46950000000001,3.9459592589993786,82.36141851799877,66.57758148200125
SUZLON,EQ,25-Oct-2024,69.15,69.88,70.3,66.0,67.59,67.47,67.18,"4,94,52,859","3,32,21,27,380.58","2,23,983","2,35,81,587",47.68,3322127380.58,223983,71.263,77.036,4.299999999999997,14832.051452922766,40.81740976645433,73.751,3.8401286985010454,81.4312573970021,66.07074260299791
SUZLON,EQ,28-Oct-2024,67.47,68.0,72.6,66.14,70.99,70.84,70.04,"8,18,20,533","5,73,06,35,175.82","2,64,059","2,79,46,254",34.16,5730635175.82,264059,70.946,76.8538,6.459999999999994,21702.101332732458,42.82051282051284,73.2385,3.475819138592976,80.19013827718595,66.28686172281405
SUZLON,EQ,29-Oct-2024,70.84,72.75,73.5,66.82,68.9,68.87,69.16,"12,99,71,042","8,98,91,50,537.42","4,33,606","4,81,99,207",37.08,8989150537.42,433606,70.462,76.617,6.680000000000007,20731.148871141082,28.773072747014155,72.6795,3.211678483940946,79.10285696788189,66.25614303211812
SUZLON,EQ,30-Oct-2024,68.87,68.99,69.63,67.56,68.08,68.13,68.7,"5,27,61,387","3,62,46,85,397.12","1,92,657","2,00,72,229",38.04,3624685397.12,192657,69.77,76.391,2.069999999999993,18814.189970361833,29.592406476828614,72.099,2.902724491522214,77.90444898304443,66.29355101695558
SUZLON,EQ,31-Oct-2024,68.13,67.96,68.44,66.7,67.0,66.95,67.32,"4,14,54,018","2,79,05,89,427.93","1,94,968","1,91,88,755",46.29,2790589427.93,194968,69.164,76.15299999999999,1.7399999999999949,14313.063825499568,29.37915742793794,71.659,2.9859388015018773,77.63087760300377,65.68712239699624
SUZLON,EQ,01-Nov-2024,66.95,67.3,68.4,67.2,68.19,68.14,68.06,"1,49,65,199","1,01,85,32,031.81","1,11,526","79,10,346",52.86,1018532031.81,111526,68.759,75.96440000000001,1.2000000000000028,9132.686833653139,34.42970822281168,71.3325,2.9963660007624218,77.32523200152484,65.33976799847515
SUZLON,EQ,04-Nov-2024,68.14,68.19,68.24,65.2,66.45,66.32,66.17,"5,53,81,082","3,66,43,99,015.61","2,13,181","2,49,67,986",45.08,3664399015.61,213181,68.328,75.714,3.039999999999992,17189.14450917296,31.86057928325971,71.102,3.1993956666185603,77.50079133323712,64.70320866676289
SUZLON,EQ,05-Nov-2024,66.32,66.3,68.25,65.53,67.3,67.37,66.86,"4,56,26,050","3,05,07,36,299.70","1,51,196","1,54,10,719",33.78,3050736299.7,151196,68.20899999999999,75.5334,2.719999999999999,20177.36117159184,30.876494023904428,70.7885,3.2444872679019117,77.27747453580382,64.29952546419618
SUZLON,EQ,06-Nov-2024,67.37,68.0,69.85,67.42,69.44,69.32,68.58,"5,00,08,246","3,42,94,13,403.74","1,63,136","1,85,04,587",37.00,3429413403.74,163136,68.256,75.3698,2.4299999999999926,21021.80636855139,40.77038519259627,70.41999999999999,2.9435048925779337,76.30700978515586,64.53299021484412
SUZLON,EQ,07-Nov-2024,69.32,69.45,69.45,66.44,66.58,66.8,67.82,"4,93,54,800","3,34,71,38,974.21","2,14,130","2,56,03,946",51.88,3347138974.21,214130,68.02099999999999,75.1266,3.010000000000005,15631.340653855135,37.574919317657915,69.988,2.798417974122769,75.58483594824554,64.39116405175446
SUZLON,EQ,08-Nov-2024,66.8,66.59,66.59,61.84,62.28,62.5,63.98,"8,60,95,752","5,50,79,88,626.91","3,54,214","4,34,93,344",50.52,5507988626.91,354214,67.524,74.8366,4.75,15549.889690723687,33.36062218583709,69.3935,3.064359253021352,75.5222185060427,63.2647814939573
SUZLON,EQ,11-Nov-2024,62.5,61.5,63.14,58.56,61.9,62.16,61.19,"12,81,04,971","7,83,91,76,769.83","3,46,655","4,68,09,804",36.54,7839176769.83,346655,66.65599999999999,74.563,4.579999999999998,22613.770953339776,35.90308370044053,68.801,3.2638851566481457,75.32877031329629,62.27322968670371
SUZLON,EQ,12-Nov-2024,62.16,62.16,62.87,59.1,59.39,59.39,60.58,"6,75,63,924","4,09,29,09,080.63","2,61,667","2,74,24,623",40.59,4092909080.63,261667,65.708,74.2746,3.769999999999996,15641.670828304677,31.21525019857033,68.08500000000001,3.6751047246086332,75.43520944921727,60.73479055078274
SUZLON,EQ,13-Nov-2024,59.39,58.0,59.28,53.45,54.49,54.03,55.8,"19,45,11,406","10,85,36,09,246.96","7,43,605","9,31,15,265",47.87,10853609246.96,743605,64.298,73.8658,5.829999999999998,14595.933656928071,25.0,67.034,4.493043043358502,76.02008608671701,58.047913913283004
SUZLON,EQ,14-Nov-2024,54.03,54.03,56.73,53.65,56.73,56.73,56.24,"5,69,57,801","3,20,33,11,482.70","1,06,618","2,60,47,084",45.73,3203311482.7,106618,63.275999999999996,73.5172,3.0799999999999983,30044.753068900183,32.82149712092129,66.22,4.816469552210095,75.85293910442019,56.58706089557981
SUZLON,EQ,18-Nov-2024,56.73,59.45,59.56,56.8,59.1,59.26,58.93,"11,91,10,598","7,01,87,02,028.18","2,65,103","5,25,17,856",44.09,7018702028.18,265103,62.388,73.1824,2.760000000000005,26475.377601083354,30.966469428007883,65.5735,4.840675545504012,75.25485109100802,55.89214890899197
SUZLON,EQ,19-Nov-2024,59.26,60.5,62.22,59.42,62.22,62.22,61.68,"7,44,76,083","4,59,38,87,756.06","1,18,411","3,16,42,340",42.49,4593887756.06,118411,61.977999999999994,72.9324,2.799999999999997,38796.123299862345,39.41419929958611,65.15299999999999,4.742595447531426,74.63819089506285,55.66780910493714
SUZLON,EQ,21-Nov-2024,62.22,63.9,65.33,63.5,65.33,65.33,64.94,"13,15,79,845","8,54,51,91,044.51","2,28,437","5,79,04,394",44.01,8545191044.51,228437,61.774,72.7522,1.8299999999999983,37407.210935662784,45.85553582001185,64.9915,4.674984126063509,74.34146825212702,55.64153174787298
SUZLON,EQ,22-Nov-2024,65.33,66.8,68.33,64.6,65.09,65.22,66.14,"13,03,45,329","8,62,04,87,737.61","4,28,917","6,26,52,152",48.07,8620487737.61,428917,61.364,72.4956,3.730000000000004,20098.26548635284,47.35554876184653,64.81,4.5869345342015775,73.98386906840315,55.636130931596846
SUZLON,EQ,25-Nov-2024,65.22,67.0,67.5,63.71,64.46,64.23,65.0,"12,39,22,270","8,05,44,85,224.00","2,77,504","7,18,16,801",57.95,8054485224.0,277504,61.107000000000006,72.1412,3.789999999999999,29024.75360355166,43.98646570286066,64.564,4.4724294587121545,73.5088589174243,55.61914108257568
SUZLON,EQ,26-Nov-2024,64.23,64.64,64.85,63.3,63.8,63.57,64.07,"3,54,63,228","2,27,20,23,337.14","1,16,820","1,74,14,622",49.11,2272023337.14,116820,61.214,71.7786,1.5499999999999972,19448.924303543914,45.6140350877193,64.369,4.42381461970007,73.21662923940013,55.52137076059986
SUZLON,EQ,27-Nov-2024,63.57,63.88,64.29,62.71,63.69,63.59,63.63,"3,71,52,591","2,36,39,20,933.22","1,30,261","1,64,24,400",44.21,2363920933.22,130261,61.357000000000006,71.38820000000001,1.5800000000000054,18147.572437030267,43.7664907651715,64.0065,4.154499494840499,72.315498989681,55.697501010319
SUZLON,EQ,28-Nov-2024,63.59,63.69,65.5,62.9,63.75,63.73,64.21,"4,25,59,541","2,73,27,38,538.08","1,37,856","2,01,14,535",47.26,2732738538.08,137856,61.791,70.9688,2.6000000000000014,19823.13818825441,40.19642230796212,63.74949999999999,3.9936745709866903,71.73684914197337,55.76215085802661
SUZLON,EQ,29-Nov-2024,63.73,63.9,64.22,62.41,63.15,62.98,63.0,"5,48,15,057","3,45,31,12,204.25","1,55,788","3,25,13,552",59.32,3453112204.25,155788,62.686,70.58840000000001,1.8100000000000023,22165.456930251366,42.857142857142854,63.492,3.8601644360936946,71.21232887218738,55.77167112781261
SUZLON,EQ,02-Dec-2024,62.98,63.11,66.12,62.28,66.12,66.12,64.48,"6,11,28,869","3,94,16,28,659.60","1,65,159","2,90,73,939",47.56,3941628659.6,165159,63.625,70.29440000000001,3.8400000000000034,23865.660724513953,57.075840500390946,63.4505,3.825335864167034,71.10117172833407,55.79982827166593
SUZLON,EQ,03-Dec-2024,66.12,66.79,67.3,65.0,65.35,65.4,66.12,"9,11,00,475","6,02,40,13,784.59","2,23,793","4,85,03,016",53.24,6024013784.59,223793,64.239,69.983,2.299999999999997,26917.793606547122,56.240369799691855,63.3135,3.6954057892695293,70.70431157853906,55.92268842146094
SUZLON,EQ,04-Dec-2024,65.4,65.9,68.45,65.34,67.92,67.72,67.34,"9,76,07,170","6,57,26,29,210.26","2,44,612","4,11,47,615",42.16,6572629210.26,244612,64.78900000000002,69.6684,3.1099999999999994,26869.61069064478,66.32693061544492,63.38349999999999,3.767902215459087,70.91930443091816,55.847695569081814
SUZLON,EQ,05-Dec-2024,67.72,68.2,68.8,66.88,68.32,68.26,67.77,"5,62,95,912","3,81,49,12,405.62","1,53,025","2,27,01,082",40.32,3814912405.62,153025,65.08200000000001,69.3758,1.9200000000000017,24929.99448207809,84.38859352344129,63.428,3.8223244512370553,71.07264890247411,55.78335109752589
SUZLON,EQ,06-Dec-2024,68.26,68.0,68.39,67.28,67.32,67.39,67.67,"3,85,28,682","2,60,74,03,605.03","1,45,618","2,05,29,697",53.28,2607403605.03,145618,65.299,69.0478,1.1099999999999994,17905.778166366796,78.26086956521739,63.331500000000005,3.6877368255795018,70.706973651159,55.956026348841
SUZLON,EQ,09-Dec-2024,67.39,67.38,67.8,66.4,67.19,67.36,67.11,"3,46,35,931","2,32,44,94,796.45","1,85,013","1,79,55,909",51.84,2324494796.45,185013,65.612,68.7358,1.3999999999999915,12563.9538651338,74.75550122249388,63.35949999999999,3.7174644372345518,70.79442887446909,55.92457112553089
SUZLON,EQ,10-Dec-2024,67.36,67.3,67.36,65.86,66.48,66.55,66.5,"2,95,42,425","1,96,44,36,239.30","1,17,711","1,66,35,163",56.31,1964436239.3,117711,65.91,68.43,1.5,16688.63775942775,65.23574947220266,63.562,3.777995291295502,71.117990582591,56.00600941740899
SUZLON,EQ,11-Dec-2024,66.55,66.42,67.2,65.85,66.07,66.12,66.44,"3,25,30,712","2,16,12,69,675.59","1,22,093","1,44,37,995",44.38,2161269675.59,122093,66.163,68.1306,1.3500000000000085,17701.831190895467,53.42584562012144,63.760000000000005,3.8043285596110192,71.36865711922205,56.15134288077797
SUZLON,EQ,12-Dec-2024,66.12,65.61,66.43,64.86,65.58,65.7,65.5,"3,36,19,161","2,20,21,00,323.54","1,34,052","1,70,08,109",50.59,2202100323.54,134052,66.36,67.8436,1.5700000000000074,16427.209765911735,52.027027027027046,64.0755,3.6825427070805405,71.44058541416109,56.710414585838926
SUZLON,EQ,13-Dec-2024,65.7,65.5,67.68,65.26,66.17,66.2,66.49,"4,79,52,699","3,18,85,44,747.90","1,32,842","1,86,13,478",38.82,3188544747.9,132842,66.68199999999999,67.5728,2.4200000000000017,24002.53495054275,58.67841409691629,64.684,2.8456548594209043,70.3753097188418,58.99269028115819
SUZLON,EQ,16-Dec-2024,66.2,67.5,68.62,66.16,66.25,66.36,67.27,"5,67,88,124","3,81,99,08,761.44","1,57,366","2,52,82,267",44.52,3819908761.44,157366,66.70599999999999,67.385,2.460000000000008,24274.041161623223,62.857142857142854,65.1655,2.1614236901680144,69.48834738033602,60.842652619663966
SUZLON,EQ,17-Dec-2024,66.36,66.36,69.67,66.21,69.67,69.56,69.15,"18,83,45,914","13,02,41,11,343.44","2,38,852","7,76,66,418",41.24,13024111343.44,238852,67.122,67.2828,3.460000000000008,54527.955987138484,71.27583749109051,65.6805,1.8903563434605817,69.46121268692116,61.89978731307883
SUZLON,EQ,18-Dec-2024,69.56,69.8,70.18,67.37,67.9,67.95,68.2,"6,88,99,550","4,69,92,06,494.49","1,84,163","3,77,07,186",54.73,4699206494.49,184163,67.14500000000001,67.2232,2.8100000000000023,25516.561385783247,63.61290322580646,65.967,1.7685768884967485,69.50415377699349,62.4298462230065
SUZLON,EQ,19-Dec-2024,67.95,66.5,68.58,66.2,67.14,67.05,67.25,"5,62,37,783","3,78,21,47,505.40","1,29,289","3,05,48,196",54.32,3782147505.4,129289,67.024,67.0914,2.3799999999999955,29253.436142285886,63.0031948881789,66.053,1.7777664875368357,69.60853297507367,62.49746702492632
SUZLON,EQ,20-Dec-2024,67.05,67.55,67.79,63.95,64.28,64.13,65.35,"5,50,42,543","3,59,70,05,511.71","1,71,968","3,26,53,818",59.32,3597005511.71,171968,66.69800000000001,66.84020000000001,3.8400000000000034,20916.71422421613,43.55152300712894,65.9985,1.8208334557786272,69.64016691155726,62.356833088442755
